Workbook
Name AgendaStatusList: AgendaStatus[مستوى الإنجاز]
Name CompletionList: CompletionPercent[نسب الإنجاز]
Name DashboardDepartments: _xlfn.ANCHORARRAY(Logic!$B$7)
Name DashboardSectors: _xlfn.ANCHORARRAY(Logic!$A$7)
Name DepartmentsList: Departments[الوحدة التنظيمية]
Name EntitiesList: Entities[الجهة المعنية]
Name FollowUpList: FollowUp[متطلبات المتابعة]
Name FrequencyList: Frequency[دورية القياس]
Name IssuersList: Issuers[الجهة المسؤولة / صادر عن]
Name MonthsList: Months[الشهر]
Name OperationalObjectivesList: OperationalObjectives[الهدف التشغيلي]
Name PlanStatusList: PlanStatus[ضمن خطة دبي أو أجنداتها]
Name QuartersList: Quarters[الربع]
Name SectorsList: Sectors[القطاع]
Name StrategicObjectivesList: StrategicObjectives[الهدف الاستراتيجي]
Name TopicTypesList: TopicTypes[تصنيف الموضوع]
Name ValidationDate: Logic!$B$1
Name WorkStatusList: WorkStatus[مستوى الإنجاز]
Name YearsList: Years[الأعوام]
Name YesNoList: YesNo[القيمة]
Name AgendaStatusList: AgendaStatus[مستوى الإنجاز]
Name CompletionList: CompletionPercent[نسب الإنجاز]
Name DepartmentsList: Departments[الوحدة التنظيمية]
Name EntitiesList: Entities[الجهة المعنية]
Name FollowUpList: FollowUp[متطلبات المتابعة]
Name FrequencyList: Frequency[دورية القياس]
Name IssuersList: Issuers[الجهة المسؤولة / صادر عن]
Name MonthsList: Months[الشهر]
Name OperationalObjectivesList: OperationalObjectives[الهدف التشغيلي]
Name PlanStatusList: PlanStatus[ضمن خطة دبي أو أجنداتها]
Name QuartersList: Quarters[الربع]
Name SectorsList: Sectors[القطاع]
Name StrategicObjectivesList: StrategicObjectives[الهدف الاستراتيجي]
Name TopicTypesList: TopicTypes[تصنيف الموضوع]
Name WorkStatusList: WorkStatus[مستوى الإنجاز]
Name YearsList: Years[الأعوام]
Name YesNoList: YesNo[القيمة]

Sheet Idea
B2: تصميم مصفوفة شمولية (بانورامية) لتطوير جوانب العمل الحالية المتجزئة، وتصميم الروابط عبر مختلف مجالات العمل بما يخدم منظومة الأداء.

Sheet List of Values
A1: القطاع | B1: الجهة المعنية | D1: القطاع | F1: القطاع | G1: الوحدة التنظيمية | I1: دورية القياس | K1: الربع | M1: الشهر | O1: الأعوام | Q1: تصنيف الموضوع | S1: الجهة المسؤولة / صادر عن | U1: مستوى الإنجاز | W1: مستوى الإنجاز | Y1: نسب الإنجاز | AA1: ضمن خطة دبي أو أجنداتها | AC1: القيمة | AE1: متطلبات المتابعة | AG1: الهدف الاستراتيجي | AI1: الهدف الاستراتيجي | AJ1: الهدف التشغيلي | AL1: مستوى الإنجاز | AN1: نوع | AP1: أولوية | AR1: الإصدار | AT1: الحالة | AV1: مؤشرات الأداء
A2: التنمية المستدامة | B2: الإدارة العامة للإقامة وشؤون الأجانب - دبي | D2: الأمانة العامة للمجلس التنفيذي | F2: الأمانة العامة للمجلس التنفيذي | G2: مكتب الأمين العام | I2: ربع سنوي | K2: الربع الأول | M2: يناير | O2: 2015 | Q2: الأجندة السنوية | S2: المجلس التنفيذي | U2: متأخر | W2: متأخر | Y2: 0 | AA2: ضمن الخطة | AC2: نعم | AE2: مغلق (لا يتطلب متابعة) | AG2: توليد فرص المشاركة والدمج لجميع الفئات | AI2: توليد فرص المشاركة والدمج لجميع الفئات | AJ2: تعزيز الشراكة والعلاقات مع المعنيين | AL2: Cancelled | AN2: Strategic | AP2: H | AR2: محلي | AT2: قيد المراجعة | AV2: قيد الإجراء
A3: الحوكمة | B3: الأمانة العامة للمجلس التنفيذي | D3: الحوكمة | F3: الأمانة العامة للمجلس التنفيذي | G3: الشراكات والعلاقات الدولية | I3: نصف سنوي | K3: الربع الثاني | M3: فبراير | O3: 2016 | Q3: مستجد | S3: مجلس الشؤون الاستراتيجية | U3: جاهز للعرض | W3: قيد المراجعة | Y3: 0.05 | AA3: للإضافة | AC3: لا | AE3: رسالة رسمية | AG3: تعزيز مكانة الأمانة ككيان محوري في مركز الحكومة | AI3: توليد فرص المشاركة والدمج لجميع الفئات | AJ3: تعزيز كفاءة وفاعلية التواصل | AL3: Frozen | AN3: Operational | AP3: M | AR3: اتحادي | AT3: قيد الاعتماد | AV3: في الموعد
A4: التنمية المستدامة | B4: القيادة العامة لشرطة دبي | D4: التنمية المستدامة | F4: الأمانة العامة للمجلس التنفيذي | G4: مكتب التدقيق الداخلي | I4: سنوي | K4: الربع الثالث | M4: مارس | O4: 2017 | S4: الأمانة العامة للمجلس التنفيذي | U4: قيد المراجعة | W4: قيد التطوير | Y4: 0.1 | AA4: خارج الخطة | AE4: بريد من الوحدة التنظيمية | AG4: تحقيق التميز والريادة في الأداء والخدمات | AI4: تعزيز مكانة الأمانة ككيان محوري في مركز الحكومة | AJ4: الارتقاء بالنتائج لتحقيق الميزة الريادية لدبي | AL4: Not Started | AP4: L | AT4: مغلق
A5: التنمية المستدامة | B5: القيادة العامة للدفاع المدني - دبي | D5: الاقتصاد والتنمية الاجتماعية | F5: الأمانة العامة للمجلس التنفيذي | G5: مكتب خطة دبي | K5: الربع الرابع | M5: أبريل | O5: 2018 | U5: قيد التطوير | W5: منجز | Y5: 0.15 | AA5: لا ينطبق | AE5: ملغي | AG5: تعزيز التنسيق الداخلي والابتكار والمعرفة | AI5: تعزيز مكانة الأمانة ككيان محوري في مركز الحكومة | AJ5: ضمان توفر الأجندة السنوية للمجلس التنفيذي ومجلس الشؤون الاستراتيجية | AL5: Active | AT5: معلق
A6: التنمية المستدامة | B6: اللجنة العليا للتخطيط الحضري | D6: التميز والخدمات الحكومية | F6: الأمانة العامة للمجلس التنفيذي | G6: الأبحاث والرصد | M6: مايو | O6: 2019 | U6: منجز | Y6: 0.2 | AI6: تعزيز مكانة الأمانة ككيان محوري في مركز الحكومة | AJ6: تعزيز التوافق لنماذج العمل والسياسات والاستراتيجيات والأطر التنظيمية للحكومة | AL6: Completed
A7: التنمية المستدامة | B7: اللجنة العليا للتشريعات في إمارة دبي | D7: الاتصال الحكومي وشؤون الأمانة العامة | F7: الحوكمة | G7: الحوكمة | M7: يونيو | O7: 2020 | Y7: 0.25 | AI7: تحقيق التميز والريادة في الأداء والخدمات | AJ7: تقييم وتقرير مستوى التميز في الأداء والخدمات | AL7: Transferred
A8: التنمية المستدامة | B8: المجلس الأعلى للطاقة | F8: الحوكمة | G8: التشريعات الحكومية | M8: يوليو | O8: 2021 | Y8: 0.3 | AI8: تحقيق التميز والريادة في الأداء والخدمات | AJ8: تطوير وتمكين التميز في الأداء والخدمات الحكومية
A9: التنمية المستدامة | B9: المكتب الإعلامي لحكومة دبي | F9: الحوكمة | G9: التنفيذ والأداء | M9: أغسطس | O9: 2022 | Y9: 0.35 | AI9: تعزيز التنسيق الداخلي والابتكار والمعرفة | AJ9: تحقيق التميز في الأداء والخدمات المؤسسية
A10: التنمية المستدامة | B10: النيابة العامة | F10: التنمية المستدامة | G10: السياسات والاستراتيجيات الصحية والعدل | M10: سبتمبر | O10: 2023 | Y10: 0.4 | AI10: تعزيز التنسيق الداخلي والابتكار والمعرفة | AJ10: تعزيز ثقافة التعاون والعمل المشترك
A11: التنمية المستدامة | B11: بلدية دبي | F11: التنمية المستدامة | G11: السياسات والاستراتيجيات البيئية والبنية التحتية | M11: أكتوبر | O11: 2024 | Y11: 0.45 | AI11: تعزيز التنسيق الداخلي والابتكار والمعرفة | AJ11: توفير بيئة عمل محفزة وسعيدة
A12: التنمية المستدامة | B12: جمارك دبي | F12: الاقتصاد والتنمية الاجتماعية | G12: السياسات والإستراتيجيات الاجتماعية | M12: نوفمبر | O12: 2025 | Y12: 0.5 | AI12: تعزيز التنسيق الداخلي والابتكار والمعرفة | AJ12: ترسيخ ثقافة التشارك المعرفي والجاهزية للمستقبل
A13: التنمية المستدامة | B13: جهاز أمن الدولة بدبي | F13: الاقتصاد والتنمية الاجتماعية | G13: السياسات والإستراتيجيات الاقتصادية | M13: ديسمبر | O13: 2026 | Y13: 0.55
A14: الحوكمة | B14: جهاز الرقابة المالية | F14: التميز والخدمات الحكومية | G14: التقييم والدراسات | O14: 2027 | Y14: 0.6
A15: التنمية المستدامة | B15: دائرة الأراضي والأملاك | F15: التميز والخدمات الحكومية | G15: التميز والخدمات الحكومية | O15: 2028 | Y15: 0.65
A16: الاقتصاد والتنمية الاجتماعية | B16: دائرة الاقتصاد والسياحة بدبي | F16: الاتصال الحكومي وشؤون الأمانة العامة | G16: الاتصال الحكومي | O16: 2029 | Y16: 0.7
A17: الاقتصاد والتنمية الاجتماعية | B17: دائرة الشؤون الإسلامية والعمل الخيري | F17: الاتصال الحكومي وشؤون الأمانة العامة | G17: الاتصال الداخلي | O17: 2030 | Y17: 0.75
A18: التنمية المستدامة | B18: دائرة الشؤون القانونية لحكومة دبي | F18: الاتصال الحكومي وشؤون الأمانة العامة | G18: الخدمات المؤسسية | O18: 2031 | Y18: 0.8
A19: الحوكمة | B19: دائرة المالية | F19: الاتصال الحكومي وشؤون الأمانة العامة | G19: تميز الموارد البشرية | O19: 2032 | Y19: 0.85
A20: الحوكمة | B20: دائرة الموارد البشرية لحكومة دبي | F20: الاتصال الحكومي وشؤون الأمانة العامة | G20: المشتريات والشؤون الإدارية | O20: 2033 | Y20: 0.9
A21: الاقتصاد والتنمية الاجتماعية | B21: سلطة مركز دبي المالي العالمي | F21: الاتصال الحكومي وشؤون الأمانة العامة | G21: تقنية المعلومات | O21: 2034 | Y21: 0.95
A22: الاقتصاد والتنمية الاجتماعية | B22: مجلس تنمية الموارد البشرية الإماراتية | F22: الاتصال الحكومي وشؤون الأمانة العامة | G22: المالية والحسابات | O22: 2035 | Y22: 1
A23: الاقتصاد والتنمية الاجتماعية | B23: مجلس دبي الرياضي | F23: الاتصال الحكومي وشؤون الأمانة العامة | G23: المراسلات والأرشفة | O23: 2036
A24: الاقتصاد والتنمية الاجتماعية | B24: مجلس المناطق الحرة في إمارة دبي | F24: الاتصال الحكومي وشؤون الأمانة العامة | G24: تنفيذ ومتابعة المشاريع الميدانية | O24: 2037
A25: التنمية المستدامة | B25: محاكم دبي | O25: 2038
A26: التنمية المستدامة | B26: محاكم مركز دبي المالي العالمي | O26: 2039
A27: التنمية المستدامة | B27: مركز إرادة للعلاج والتأهيل في دبي | O27: 2040
A28: التنمية المستدامة | B28: مركز الإمارات العالمي للاعتماد
A29: التنمية المستدامة | B29: مركز دبي للأمن الإلكتروني
A30: التنمية المستدامة | B30: مركز دبي للأمن الاقتصادي
A31: الاقتصاد والتنمية الاجتماعية | B31: مركز دبي المالي العالمي
A32: التنمية المستدامة | B32: مركز دبي للمرونة
A33: التنمية المستدامة | B33: مؤسسة الاتصالات المتخصصة (نداء)
A34: الاقتصاد والتنمية الاجتماعية | B34: مؤسسة الأوقاف وإدارة أموال القُصّر في دبي
A35: التنمية المستدامة | B35: مؤسسة الموانئ والجمارك والمنطقة الحرة
A36: التنمية المستدامة | B36: مؤسسة دبي الصحية
A37: التنمية المستدامة | B37: مؤسسة دبي لخدمات الإسعاف
A38: الاقتصاد والتنمية الاجتماعية | B38: مؤسسة دبي للمستقبل
A39: التنمية المستدامة | B39: مؤسسة دبي للمطارات
... A53: الحوكمة | B53: مكتب سمو نائب حاكم دبي نائب رئيس مجلس الوزراء وزير المالية

Sheet Search
F2: Performance Search (Enter any part of the text Below)
W3: {=SUMPRODUCT( (--(Legislations[Late KPI]="متأخر")) * (IF($A$3="", 1, --(Legislations[القطاع]=$A$3))) * (IF($B$3="", 1, --(Legislations[الإدارة]=$B$3))) )}
B10: =IF(TRIM($F$8)="","",_xlfn.LET(_xlpm.n,ROWS(_xlfn.ANCHORARRAY(B11))-1,IF(_xlpm.n=0,"عدد البيانات 0",IF(INDEX(_xlfn.ANCHORARRAY(B11),2,1)="No matching results","عدد البيانات 0","عدد البيانات "&_xlpm.n))))
B11: {=IF(TRIM($F$8)="","",_xlfn.LET( _xlpm.q,TRIM($F$8), _xlpm.nl,CHAR(10), _xlpm.txt,_xlfn.LAMBDA(_xlpm.v,IF(_xlpm.v="","",_xlpm.v&"")), _xlpm.add,_xlfn.LAMBDA(_xlpm.v,IF(_xlpm.v="","",_xlpm.nl&_xlpm.v)), _xlpm.dt,_xlfn.LAMBDA(_xlpm.v,IF((_xlpm.v="")+(_xlpm.v=0),"",IF(ISNUMBER(_xlpm.v),TEXT(_xlpm.v,"dd/mm/yyyy"),_xlpm.v))), _xlpm.pct,_xlfn.LAMBDA(_xlpm.v,IF(_xlpm.v="","",IF(ISNUMBER(_xlpm.v),TEXT(_xlpm.v,"0.0%"),_xlpm.v))), _xlpm.num,_xlfn.LAMBDA(_xlpm.v,IF(_xlpm.v="","",IF(ISNUMBER(_xlpm.v),TEXT(_xlpm.v,"#,##0.00"),_xlpm.v))), _xlpm.owner,_xlfn.LAMBDA(_xlpm.v,IF(_xlpm.v="","غير مسجل",_xlpm.v&"")), _xlpm.org,_xlfn.LAMBDA(_xlpm.entity,_xlpm.dept,_xlpm.sector,_xlpm.txt(_xlpm.entity)&_xlpm.add(_xlpm.dept)&_xlpm.add(_xlpm.sector)), _xlpm.progress,_xlfn.LAMBDA(_xlpm.status,_xlpm.v,_xlpm.txt(_xlpm.status)&_xlpm.add(_xlpm.pct(_xlpm.v))), _xlpm.measured,_xlfn.LAMBDA(_xlpm.numer,_xlpm.denom,_xlpm.result, IF(ISNUMBER(_xlpm.numer)*ISNUMBER(_xlpm.denom)*(_xlpm.denom<>0),_xlpm.pct(_xlpm.result),"")), _xlpm.agendaTitle,ECSAC[[الموضوع ]], _xlpm.agendaData,_xlfn.HSTACK( IF(_xlpm.agendaTitle<>"","الأجندة السنوية",""), _xlpm.txt(_xlpm.agendaTitle)&_xlpm.add(ECSAC[تصنيف الموضوع]), _xlpm.txt(ECSAC[مستوى الإنجاز]), TRIM(_xlpm.txt(ECSAC[شهر الإنجاز])&" "&_xlpm.txt(ECSAC[سنة الإنجاز]))& _xlpm.add(ECSAC[الموعد الجديد إن وجد (شهر)]), _xlpm.owner(ECSAC[منسق الأمانة العامة]), _xlpm.org(ECSAC[الجهة المعنية],ECSAC[الإدارة],ECSAC[القطاع]), _xlpm.txt(ECSAC[ملاحظات فريق الأمانة العامة])& _xlpm.add(_xlpm.dt(ECSAC[تاريخ العرض على مجلس الشؤون]))& _xlpm.add(_xlpm.dt(ECSAC[تاريخ العرض على المجلس التنفيذي]))& _xlpm.add(ECSAC[ملاحظات مقرر المجالس]), _xlpm.txt(_xlpm.agendaTitle), IF(_xlpm.agendaTitle<>"","Annual Agenda","") ), _xlpm.decisionTitle,Resolutions[الموضوع], _xlpm.decisionData,_xlfn.HSTACK( IF(_xlpm.decisionTitle<>"","قرارات المجالس",""), _xlpm.txt(_xlpm.decisionTitle)& _xlpm.add(Resolutions[رقم القرار])& _xlpm.add(Resolutions[صادر عن]), _xlpm.progress(Resolutions[مستوى الإنجاز],Resolutions[نسبه الإنجاز]), _xlpm.dt(Resolutions[تاريخ الاجتماع]), _xlpm.owner(Resolutions[منسق الأمانة العامة]), _xlpm.org(Resolutions[الجهة المعنية],Resolutions[الإدارة],Resolutions[القطاع]), _xlpm.txt(Resolutions[متطلبات المتابعة])& _xlpm.add(_xlpm.dt(Resolutions[تاريخ إصدار خطاب المتابعة]))& _xlpm.add(_xlpm.dt(Resolutions[تاريخ الرد]))& _xlpm.add(Resolutions[ملاحظات]), _xlpm.txt(_xlpm.decisionTitle), "Decisions "&Resolutions[القرار الأخير] ), _xlpm.legislationTitle,Legislations[[عنوان التشريع ]], _xlpm.legislationData,_xlfn.HSTACK( IF(_xlpm.legislationTitle<>"","التشريعات",""), _xlpm.txt(_xlpm.legislationTitle)& _xlpm.add(Legislations[الرقم MCMS])& _xlpm.add(Legislations[طبيعة التشريع]), _xlpm.txt(Legislations[[الحالة ]])& IF(Legislations[تجاوز الموعد]="متأخر",_xlpm.nl&"تجاوز الموعد","")& IF(Legislations[Late KPI]="متأخر",_xlpm.nl&"متأخر وفق تاريخ التحقق",""), _xlpm.dt(Legislations[التاريخ المحدد من إدارة التشريعات])& _xlpm.add(_xlpm.dt(Legislations[تاريخ الإنجاز وفق (SLC) ]))& _xlpm.add(_xlpm.dt(Legislations[تمديد حتى])), IF(_xlpm.legislationTitle<>"","غير مسجل",""), _xlpm.org(Legislations[[الجهة المرسلة ]],Legislations[الإدارة],Legislations[القطاع]), _xlpm.txt(Legislations[[مرحلة التشريع ]])& _xlpm.add(Legislations[[مستجدات ]]), _xlpm.txt(_xlpm.legislationTitle), "Legislation "&Legislations[مؤشرات الأداء] ), _xlpm.specialTitle,Special[اسم المشروع], _xlpm.specialData,_xlfn.HSTACK( IF(_xlpm.specialTitle<>"","المشاريع الخاصة",""), _xlpm.txt(_xlpm.specialTitle)&_xlpm.add(Special[مشاريع سموه]), _xlpm.progress(Special[مستوى الإنجاز],Special[نسبة الإنجاز]), TRIM( _xlpm.txt(Special[انتهاء المشروع (الشهر)])&" "& _xlpm.txt(Special[انتهاء المشروع (السنة)])), _xlpm.owner(Special[مدير المشروع]), _xlpm.org(Special[الجهة المعنية],Special[[الإدارة ]],Special[القطاع]), _xlpm.txt(Special[المنجز للآن])& _xlpm.add(Special[المخطط في المرحلة المقبلة])& _xlpm.add(Special[ملاحظات مدير المشروع])& _xlpm.add(Special[توصيات إدارة الأداء والتنفيذ]), _xlpm.txt(_xlpm.specialTitle), "Special Projects "&Special[نبذة حول المشروع] ), _xlpm.projectTitle,Projects[اسم المشروع], _xlpm.projectData,_xlfn.HSTACK( IF(_xlpm.projectTitle<>"","مشاريع بموازنة إستراتيجية",""), _xlpm.txt(_xlpm.projectTitle)&_xlpm.add(Projects['#])&_xlpm.add(Projects[نوع]), _xlpm.progress(Projects[مستوى الإنجاز],Projects[نسبة الإنجاز]), _xlpm.dt(Projects[انتهاء المشروع]), _xlpm.owner(Projects[مدير المشروع]), _xlpm.org("",Projects[[الإدارة ]],Projects[القطاع]), _xlpm.txt(Projects[أولوية])& _xlpm.add(Projects[ملاحظات مدير المشروع])& IF(Projects[الموازنة المعتمدة الجديدة]<>"", _xlpm.add(_xlpm.num(Projects[الموازنة المعتمدة الجديدة])), _xlpm.add(_xlpm.num(Projects[الموازنة المعتمدة])))& _xlpm.add(_xlpm.num(Projects[المخصص]))& _xlpm.add(_xlpm.num(Projects[المنفق الفعلي]))& _xlpm.add(Projects[ملاحظات المالية]), _xlpm.txt(_xlpm.projectTitle), "Corporate Projects Budget Projects "&Projects[نبذة حول المشروع] ), _xlpm.valOne,_xlpm.measured( Strategy[البسط Q1], Strategy[المقام Q1], Strategy[نتيجة Q1]), _xlpm.valTwo,_xlpm.measured( Strategy[البسط Q2], Strategy[المقام Q2], Strategy[نتيجة Q2]), _xlpm.valThree,_xlpm.measured( Strategy[البسط Q3], Strategy[المقام Q3], Strategy[نتيجة Q3]), _xlpm.valFour,_xlpm.measured( Strategy[البسط Q4], Strategy[المقام Q4], Strategy[نتيجة Q4]), _xlpm.periods,TRIM( IF(_xlpm.valOne<>"","Q1 ","")& IF(_xlpm.valTwo<>"","Q2 ","")& IF(_xlpm.valThree<>"","Q3 ","")& IF(_xlpm.valFour<>"","Q4","")), _xlpm.annualResult,Strategy[[نتيجة العام ]], _xlpm.annualActual,IF((_xlpm.periods="")+(_xlpm.annualResult=""),"—",_xlpm.pct(_xlpm.annualResult)), _xlpm.annualTarget,IF(Strategy[المستهدف للعام]="","—", _xlpm.pct(Strategy[المستهدف للعام])), _xlpm.kpiTitle,Strategy[المؤشر], _xlpm.kpiData,_xlfn.HSTACK( IF(_xlpm.kpiTitle<>"","المؤشرات",""), _xlpm.txt(_xlpm.kpiTitle)&_xlpm.add(Strategy[الهدف الاستراتيجي]), IF(_xlpm.periods="","لم يقس بعد","تتوفر نتائج قياس"), _xlpm.txt(Strategy[دورية القياس])&_xlpm.add(_xlpm.periods), _xlpm.owner(Strategy[ملاك الهدف]), _xlpm.org("",Strategy[الإدارة],Strategy[القطاع]), _xlpm.annualActual&" / "&_xlpm.annualTarget& _xlpm.add(IF(_xlpm.valOne="","","Q1 "&_xlpm.valOne))& _xlpm.add(IF(_xlpm.valTwo="","","Q2 "&_xlpm.valTwo))& _xlpm.add(IF(_xlpm.valThree="","","Q3 "&_xlpm.valThree))& _xlpm.add(IF(_xlpm.valFour="","","Q4 "&_xlpm.valFour))& _xlpm.add(Strategy[ملاحظات]), _xlpm.txt(_xlpm.kpiTitle), "Indicators KPIs "&Strategy[الأهداف التشغيلية] ), _xlpm.allData,_xlfn.VSTACK( _xlpm.agendaData, _xlpm.decisionData, _xlpm.legislationData, _xlpm.specialData, _xlpm.projectData, _xlpm.kpiData ), _xlpm.rawVisible,_xlfn.CHOOSECOLS(_xlpm.allData,1,2,3,4,5,6,7), _xlpm.visibleData,IF( LEFT(_xlpm.rawVisible,1)=_xlpm.nl, MID(_xlpm.rawVisible,2,32767), _xlpm.rawVisible ), _xlpm.itemName,_xlfn.CHOOSECOLS(_xlpm.allData,8), _xlpm.searchData,_xlfn.BYROW( _xlpm.allData, _xlfn.LAMBDA(_xlpm.rowData,_xlfn.TEXTJOIN(" ",TRUE,_xlpm.rowData)) ), _xlpm.needle,SUBSTITUTE( SUBSTITUTE( SUBSTITUTE(_xlpm.q,"~","~~"), "*","~*"), "?","~?"), _xlpm.headers,_xlfn.HSTACK( "المصدر", "الموضوع / المشروع", "الحالة", "الموعد", "المسؤول", "الجهة / الوحدة", "آخر مستجد / الخطوة المقبلة" ), _xlfn.VSTACK( _xlpm.headers, _xlfn._xlws.FILTER( _xlpm.visibleData, (_xlpm.itemName<>"")* IF( OR(_xlpm.q="all",_xlpm.q="الكل"), TRUE, ISNUMBER(SEARCH(_xlpm.needle,_xlpm.searchData)) ), _xlfn.HSTACK("No matching results","","","","","","") ) ) ))}

Sheet Performance
B2: ="التقرير الشهري للأداء والتنفيذ - حتى تاريخ "&TEXT(Logic!B1,"dd/mm/yyyy") | AY2: =IF(BY4 >BO4,1,"") | AZ2: استراتيجية الأمانة العامة | BE2: الإجمالي / المؤشرات المقاسة | BO2: متوسط النتائج المقاسة | BY2: متوسط المستهدفات المعتمدة
BE4: =IF(Logic!AQ3="","-",Logic!AQ3) | BO4: =IF(Logic!AR3="","-",Logic!AR3) | BY4: =IF(Logic!AS3="","-",Logic!AS3)
B5: القطاع | X5: الوحدة التنظيمية
BE6: =IFERROR(IF(Logic!AX4="","",Logic!AX4),"") | BO6: =IFERROR(IF(Logic!AY4="","",Logic!AY4),"")
B8: محافظ المتابعة التنفيذية | AS8: محفظة المشاريع
AU10: المشاريع الخاصة
C11: =IF(Performance!W13=0,"",1) | D11: الأجندة السنوية | K11: المجموع | P11: =IFERROR(IF(Logic!BZ4="","",Logic!BZ4),"") | W11: متأخر | AB11: منجز | AG11: جاهز للعرض | AL11: قيد العمل | BK11: =IF(AU14<>SUM(AZ14,BR14), "نقص في البيانات", "")
P12: =IF(Logic!E3="","",Logic!E3) | AT12: =IF(SUM(BD14,BV14)>0,1,"") | AU12: المجموع | AZ12: للقيادة | BD12: متأخر | BH12: منجز | BL12: قيد العمل | BR12: للأمانة العامة | BV12: متأخر | BZ12: منجز | CD12: قيد العمل
K13: =IF(Logic!D3="","",Logic!D3) | P13: من الأجندة | W13: =IF(Logic!J3="","",Logic!J3) | AB13: =IF(Logic!I3="","",Logic!I3) | AG13: =IF(Logic!G3="","",Logic!G3) | AL13: =IF(Logic!H3="","",Logic!H3)
P14: ما يستجد | AU14: =IF(Logic!Y3="","",Logic!Y3) | AZ14: =IF(Logic!Z3="","",Logic!Z3) | BD14: =IF(Logic!AB3="","",Logic!AB3) | BH14: =IF(Logic!AA3="","",Logic!AA3) | BL14: =AZ14-SUM(BD14:BK17) | BR14: =IF(Logic!AC3="","",Logic!AC3) | BV14: =IF(Logic!AE3="","",Logic!AE3) | BZ14: =IF(Logic!AD3="","",Logic!AD3) | CD14: =BR14-SUM(BV14:CC17)
P15: =IF(Logic!F3="","",Logic!F3)
D16: =IF( OR( K13<>SUM(P12,P15), K13<>SUM(AL13,AG13,AB13,W13) ), "نقص في البيانات", "" ) | K16: =IFERROR(IF(Logic!BE4="","",Logic!BE4),"") | P16: =IFERROR(IF(Logic!CA4="","",Logic!CA4),"") | W16: =IFERROR(IF(Logic!BG4="","",Logic!BG4),"") | AB16: =IFERROR(IF(Logic!BF4="","",Logic!BF4),"") | AG16: =IFERROR(IF(Logic!$CC$4="","",Logic!$CC$4),"") | AL16: =IFERROR(IF(Logic!$CB$4="","",Logic!$CB$4),"")
C18: =IF(Performance!S20=0,"",1) | D18: قرارات المجالس | K18: المجموع | S18: متأخر | AA18: منجز | AI18: قيد العمل | AU18: =IFERROR(IF(Logic!AZ4="","",Logic!AZ4),"") | AZ18: =IFERROR(IF(Logic!$BV$4="","",Logic!$BV$4),"") | BD18: =IFERROR(IF(Logic!BB4="","",Logic!BB4),"") | BH18: =IFERROR(IF(Logic!BA4="","",Logic!BA4),"") | BL18: =IFERROR(IF(Logic!$BX$4="","",Logic!$BX$4),"") | BR18: =IFERROR(IF(Logic!$BW$4="","",Logic!$BW$4),"") | BV18: =IFERROR(IF(Logic!BD4="","",Logic!BD4),"") | BZ18: =IFERROR(IF(Logic!BC4="","",Logic!BC4),"") | CD18: =IFERROR(IF(Logic!$BY$4="","",Logic!$BY$4),"")
AU19: مشاريع بموازنة استراتيجية
K20: =IF(Logic!L3="","",Logic!L3) | S20: =IF(Logic!O3="","",Logic!O3) | AA20: =IF(Logic!N3="","",Logic!N3) | AI20: =IF(Logic!M3="","",Logic!M3) | BK20: =IF(AU23<>SUM(BR23,BV23,BZ23,CD23), "نقص في البيانات", "") | BQ20: {="مشاريع "&YEAR(ValidationDate)&": "& SUM(Logic!$AL$3:$AO$3)& " | مشاريع "&(YEAR(ValidationDate)+1)&": "& SUMPRODUCT( --(Projects[اسم المشروع]<>"")* --ISNUMBER(Projects[انتهاء المشروع])* --(Projects[انتهاء المشروع]>=DATE(YEAR(ValidationDate)+1,1,1))* --(Projects[انتهاء المشروع]<DATE(YEAR(ValidationDate)+2,1,1))* IF( Logic!$A$3="", 1, --(Projects[القطاع]=Logic!$A$3) )* IF( Logic!$B$3="", 1, --(Projects[[الإدارة ]]=Logic!$B$3) ) )}
AT21: =IF(AZ23=0,"",1) | AU21: المجموع | AZ21: متأخر | BD21: منجز | BH21: قيد العمل | BL21: ملغى/معلق | BR21: ربع 1 | BV21: ربع 2 | BZ21: ربع 3 | CD21: ربع 4
D23: {=_xlfn.LET( _xlpm.tidy,_xlfn.LAMBDA(_xlpm.x, TRIM(SUBSTITUTE(IFERROR(_xlpm.x&"",""),CHAR(160)," ")) ), _xlpm.topic,IFERROR(Resolutions[الموضوع],""), _xlpm.followup,_xlpm.tidy(Resolutions[متطلبات المتابعة]), _xlpm.sector,_xlpm.tidy(Resolutions[القطاع]), _xlpm.dept,_xlpm.tidy(Resolutions[الإدارة]), _xlpm.selectedSector,_xlpm.tidy(Logic!$A$3), _xlpm.selectedDept,_xlpm.tidy(Logic!$B$3), _xlpm.scope, (_xlpm.topic<>"")* IF(_xlpm.selectedSector="",1,--(_xlpm.sector=_xlpm.selectedSector))* IF(_xlpm.selectedDept="",1,--(_xlpm.dept=_xlpm.selectedDept)), _xlpm.invalidFollowup, SUMPRODUCT( _xlpm.scope* --( ( (_xlpm.followup="")+ ISNA( _xlfn.XMATCH( _xlpm.followup, _xlpm.tidy(FollowUp[متطلبات المتابعة]) ) ) )>0 ) ), IF( OR( _xlpm.invalidFollowup>0, K20<>SUM(AI20,AA20,S20) ), "نقص في البيانات", "" ) )} | K23: =IFERROR(IF(Logic!BH4="","",Logic!BH4),"") | S23: =IFERROR(IF(Logic!BJ4="","",Logic!BJ4),"") | AA23: =IFERROR(IF(Logic!BI4="","",Logic!BI4),"") | AI23: =IFERROR(IF(Logic!$CD$4="","",Logic!$CD$4),"") | AU23: =IF(Logic!AG3="","",Logic!AG3) | AZ23: =IF(Logic!AK3="","",Logic!AK3) | BD23: =IF(Logic!AJ3="","",Logic!AJ3) | BH23: =IF(Logic!AH3="","",Logic!AH3) | BL23: =IF(Logic!AI3="","",Logic!AI3) | BR23: =IF(Logic!AL3="","",Logic!AL3) | BV23: =IF(Logic!AM3="","",Logic!AM3) | BZ23: =IF(Logic!AN3="","",Logic!AN3) | CD23: =IF(Logic!AO3="","",Logic!AO3)
C25: =IF(S27=0,"",1) | D25: التشريعات | K25: المجموع | S25: متأخر | Y25: منجز على الموعد تجاوز الموعد | AK25: قيد العمل
AU26: =IFERROR(IF(Logic!BK4="","",Logic!BK4),"") | AZ26: =IFERROR(IF(Logic!BM4="","",Logic!BM4),"") | BD26: =IFERROR(IF(Logic!BL4="","",Logic!BL4),"") | BH26: =IFERROR(IF(Logic!$CE$4="","",Logic!$CE$4),"") | BL26: =IFERROR(IF(Logic!$CF$4="","",Logic!$CF$4),"") | BR26: =IFERROR(IF(Logic!$CG$4="","",Logic!$CG$4),"") | BV26: =IFERROR(IF(Logic!$CH$4="","",Logic!$CH$4),"") | BZ26: =IFERROR(IF(Logic!$CI$4="","",Logic!$CI$4),"") | CD26: =IFERROR(IF(Logic!$CJ$4="","",Logic!$CJ$4),"")
K27: =IF(Logic!S3="","",Logic!S3) | S27: =IF(Logic!W3="","", Logic!W3) | Y27: =IF(Logic!U3="","",Logic!U3) | AE27: =IF(Logic!V3="","",Logic!V3) | AK27: =IF(Logic!T3="","",Logic!T3) | AU27: الموازنة المعتمدة | BD27: =IF(Logic!AG6="","",Logic!AG6) | BL27: =IFERROR(IF(Logic!BR4="","",Logic!BR4),"") | BO27: المخصص | BX27: =IF(Logic!AI6="","",Logic!AI6) | CF27: =IFERROR(IF(Logic!$BT$4="","",Logic!$BT$4),"")
AU29: المنفق الفعلي | BD29: =IF(Logic!AH6="","",Logic!AH6) | BL29: =IFERROR(IF(Logic!BS4="","",Logic!BS4),"") | BO29: غير المخصص | BX29: =IF(Logic!AJ6="","",Logic!AJ6) | CF29: =IFERROR(IF(Logic!BU4="","",Logic!BU4),"")
D30: =IF(K27<>SUM(AK27,Y27,AE27),"نقص في البيانات","") | K30: =IFERROR(IF(Logic!BN4="","",Logic!BN4),"") | S30: =IFERROR(IF(Logic!BQ4="","",Logic!BQ4),"") | Y30: =IFERROR(IF(Logic!BO4="","",Logic!BO4),"") | AE30: =IFERROR(IF(Logic!BP4="","",Logic!BP4),"") | AK30: =IFERROR(_xlfn.LET(_xlpm.previous,Logic!$BN$2-Logic!$BO$2-Logic!$BP$2,_xlpm.current,$AK$27,_xlpm.change,_xlpm.current-_xlpm.previous,IF(OR(COUNT(Logic!$BN$2:$BP$2)<3,NOT(ISNUMBER(_xlpm.current)),_xlpm.previous<0,_xlpm.change=0),"",IF(_xlpm.change>0,"▲ +","▼ -")&TEXT(ABS(_xlpm.change),"#,##0"))),"")
B33: ملاحظات تفصيلية حول مواضيع تستدعي المتابعة:
B35: {=IFERROR(INDEX(_xlfn.ANCHORARRAY(Logic!$CL$2),ROWS($B$35:B35)),"")}
B36: {=IFERROR(INDEX(_xlfn.ANCHORARRAY(Logic!$CL$2),ROWS($B$35:B36)),"")}
B37: {=IFERROR(INDEX(_xlfn.ANCHORARRAY(Logic!$CL$2),ROWS($B$35:B37)),"")}
B38: {=IFERROR(INDEX(_xlfn.ANCHORARRAY(Logic!$CL$2),ROWS($B$35:B38)),"")}
B39: {=IFERROR(INDEX(_xlfn.ANCHORARRAY(Logic!$CL$2),ROWS($B$35:B39)),"")}
B40: {=IFERROR(INDEX(_xlfn.ANCHORARRAY(Logic!$CL$2),ROWS($B$35:B40)),"")}
B41: {=IFERROR(INDEX(_xlfn.ANCHORARRAY(Logic!$CL$2),ROWS($B$35:B41)),"")}
B42: {=IFERROR(INDEX(_xlfn.ANCHORARRAY(Logic!$CL$2),ROWS($B$35:B42)),"")}
B43: {=IFERROR(INDEX(_xlfn.ANCHORARRAY(Logic!$CL$2),ROWS($B$35:B43)),"")}
C45: إدارة التنفيذ والأداء، حقوق النشر © 2026 الأمانة العامة للمجلس التنفيذي لإمارة دبي - جميع الحقوق محفوظة

Sheet Logic
A1: Monthly Cutt-Off Date | B1: 46295 | D1: الأجندة | L1: القرارات | S1: التشريعات | Y1: المشاريع الخاصة لسموه | AC1: المشاريع الخاصة | AG1: المشاريع | AQ1: استراتيجية_الأمانة | AU1: القطاع | AV1: الوحدة التنظيمية | AW1: الحالة | AX1: المؤشرات_المقاسة | AY1: متوسط_النتائج | AZ1: الخاصة_المجموع | BA1: سموه_منجز | BB1: سموه_متأخر | BC1: الخاصة_منجز | BD1: الخاصة_متأخر | BE1: الأجندة_المجموع | BF1: الأجندة_منجز | BG1: الأجندة_متأخر | BH1: القرارات_المجموع | BI1: القرارات_منجز | BJ1: القرارات_متأخر | BK1: مشاريع_الأمانة_المجموع | BL1: مشاريع_الأمانة_منجز | BM1: مشاريع_الأمانة_متأخر | BN1: التشريعات_المجموع | BO1: التشريعات_منجز | BP1: التشريعات_تجاوز الموعد | BQ1: التشريعات_متأخر | BR1: الموازنة المعتمدة | BS1: المنفق الفعلي | BT1: المخصص | BU1: غير المخصص | BV1: سموه_المجموع | BW1: الخاصة_المجموع_للأمانة | BX1: سموه_قيد_العمل | BY1: الخاصة_قيد_العمل | BZ1: الأجندة_الأصلية | CA1: الأجندة_مستجد | CB1: الأجندة_قيد_العمل | CC1: الأجندة_جاهز_للعرض | CD1: القرارات_قيد_العمل | CE1: مشاريع_الأمانة_قيد_العمل | CF1: مشاريع_الأمانة_ملغي_معلق | CG1: مشاريع_الأمانة_Q1 | CH1: مشاريع_الأمانة_Q2 | CI1: مشاريع_الأمانة_Q3 | CJ1: مشاريع_الأمانة_Q4 | CL1: ملاحظات تفصيلية حول مواضيع تستدعي المتابعة:
D2: المجموع | E2: من الأجندة | F2: ما يستجد | G2: جاهز للعرض | H2: قيد العمل | I2: منجز | J2: متأخر | L2: مجموع القرارت | M2: قيد العمل | N2: منجز | O2: متأخر | P2: قيد التطوير | Q2: قيد المراجعة | S2: المجموع | T2: قيد المراجعه | U2: منجز على الموعد | V2: تجاوز الموعد | W2: متأخر | Y2: المجموع | Z2: لسموه | AA2: منجز | AB2: متأخر | AC2: خاصة | AD2: منجز | AE2: متأخر | AG2: المجموع | AH2: قيد العمل | AI2: ملغي/معلق | AJ2: منجز | AK2: متأخر | AL2: ربع 1 | AM2: ربع 2 | AN2: ربع 3 | AO2: ربع 4 | AQ2: المجموع | AR2: متوسط النتائج المقاسة | AS2: متوسط المستهدفات المعتمدة | AW2: الشهر السابق | AX2: {=SUMPRODUCT( $AX$5:$AX$31* IF($A$3="",1,--($AU$5:$AU$31=$A$3))* IF($B$3="",1,--($AV$5:$AV$31=$B$3)) )} | AY2: {=IFERROR( _xlfn.LET( _xlpm.weights,$AX$5:$AX$31, _xlpm.results,$AY$5:$AY$31, _xlpm.sectors,$AU$5:$AU$31, _xlpm.units,$AV$5:$AV$31, _xlpm.include, ISNUMBER(_xlpm.results)* (_xlpm.weights>0)* IF($A$3="",1,--(_xlpm.sectors=$A$3))* IF($B$3="",1,--(_xlpm.units=$B$3)), _xlpm.selectedWeights,_xlfn._xlws.FILTER(_xlpm.weights,_xlpm.include), _xlpm.selectedResults,_xlfn._xlws.FILTER(_xlpm.results,_xlpm.include), SUMPRODUCT(_xlpm.selectedWeights,_xlpm.selectedResults)/ SUM(_xlpm.selectedWeights) ), "" )} | AZ2: {=SUMPRODUCT( AZ$5:AZ$31* IF($A$3="",1,--($AU$5:$AU$31=$A$3))* IF($B$3="",1,--($AV$5:$AV$31=$B$3)) )} | BA2: {=SUMPRODUCT( BA$5:BA$31* IF($A$3="",1,--($AU$5:$AU$31=$A$3))* IF($B$3="",1,--($AV$5:$AV$31=$B$3)) )} | BB2: {=SUMPRODUCT( BB$5:BB$31* IF($A$3="",1,--($AU$5:$AU$31=$A$3))* IF($B$3="",1,--($AV$5:$AV$31=$B$3)) )} | BC2: {=SUMPRODUCT( BC$5:BC$31* IF($A$3="",1,--($AU$5:$AU$31=$A$3))* IF($B$3="",1,--($AV$5:$AV$31=$B$3)) )} | BD2: {=SUMPRODUCT( BD$5:BD$31* IF($A$3="",1,--($AU$5:$AU$31=$A$3))* IF($B$3="",1,--($AV$5:$AV$31=$B$3)) )} | BE2: {=SUMPRODUCT( BE$5:BE$31* IF($A$3="",1,--($AU$5:$AU$31=$A$3))* IF($B$3="",1,--($AV$5:$AV$31=$B$3)) )} | BF2: {=SUMPRODUCT( BF$5:BF$31* IF($A$3="",1,--($AU$5:$AU$31=$A$3))* IF($B$3="",1,--($AV$5:$AV$31=$B$3)) )} | BG2: {=SUMPRODUCT( BG$5:BG$31* IF($A$3="",1,--($AU$5:$AU$31=$A$3))* IF($B$3="",1,--($AV$5:$AV$31=$B$3)) )} | ... CJ2: {=SUMPRODUCT( CJ$5:CJ$31* IF($A$3="",1,--($AU$5:$AU$31=$A$3))* IF($B$3="",1,--($AV$5:$AV$31=$B$3)) )} | CL2: {=_xlfn.LET( _xlpm.sector,$A$3, _xlpm.dept,$B$3, _xlpm.tidy,_xlfn.LAMBDA(_xlpm.x, TRIM( SUBSTITUTE( SUBSTITUTE( SUBSTITUTE(_xlpm.x,CHAR(160)," "), CHAR(10)," "), CHAR(13)," ") ) ), _xlpm.mkline,_xlfn.LAMBDA(_xlpm.src,_xlpm.department,_xlpm.sourceSector,_xlpm.topic,_xlpm.status,_xlpm.update, _xlpm.src&" - "& _xlpm.tidy(_xlpm.status)&" - "& IF(_xlpm.tidy(_xlpm.department)="",_xlpm.tidy(_xlpm.sourceSector),_xlpm.tidy(_xlpm.department))& " - "&_xlpm.tidy(_xlpm.topic)& IF(_xlpm.tidy(_xlpm.update)="",""," - "&_xlpm.tidy(_xlpm.update)) ), _xlpm.special,_xlfn._xlws.FILTER( _xlpm.mkline( "المشاريع الخاصة", Special[[الإدارة ]], Special[القطاع], Special[اسم المشروع], Special[مستوى الإنجاز], Special[ملاحظات مدير المشروع] ), (Special[اسم المشروع]<>"")* ISNUMBER( _xlfn.XMATCH( Special[مستوى الإنجاز], {"متأخر","معلق","ملغى"} ) )* IF(_xlpm.sector="",1,--(Special[القطاع]=_xlpm.sector))* IF(_xlpm.dept="",1,--(Special[[الإدارة ]]=_xlpm.dept)), "" ), _xlpm.projects,_xlfn._xlws.FILTER( _xlpm.mkline( "مشاريع الأمانة", Projects[[الإدارة ]], Projects[القطاع], Projects[اسم المشروع], IF( Projects[مستوى الإنجاز]="Cancelled", "ملغى", IF( Projects[مستوى الإنجاز]="Frozen", "معلق", IF( Projects[مستوى الإنجاز]="Transferred", "منقول", "متأخر" ) ) ), Projects[ملاحظات مدير المشروع] ), (Projects[اسم المشروع]<>"")* ( ( (Projects[Late KPI]="Late")+ (Projects[مستوى الإنجاز]="Frozen")+ (Projects[مستوى الإنجاز]="Cancelled")+ (Projects[مستوى الإنجاز]="Transferred") )>0 )* IF(_xlpm.sector="",1,--(Projects[القطاع]=_xlpm.sector))* IF(_xlpm.dept="",1,--(Projects[[الإدارة ]]=_xlpm.dept)), "" ), _xlpm.agenda,_xlfn._xlws.FILTER( _xlpm.mkline( "الأجندة السنوية", ECSAC[الإدارة], ECSAC[القطاع], ECSAC[[الموضوع ]], ECSAC[مستوى الإنجاز], ECSAC[ملاحظات فريق الأمانة العامة] ), (ECSAC[[الموضوع ]]<>"")* ISNUMBER( _xlfn.XMATCH( ECSAC[مستوى الإنجاز], {"متأخر","معلق","ملغى"} ) )* IF(_xlpm.sector="",1,--(ECSAC[القطاع]=_xlpm.sector))* IF(_xlpm.dept="",1,--(ECSAC[الإدارة]=_xlpm.dept)), "" ), _xlpm.decisions,_xlfn._xlws.FILTER( _xlpm.mkline( "القرارات", Resolutions[الإدارة], Resolutions[القطاع], Resolutions[الموضوع], Resolutions[مستوى الإنجاز], Resolutions[ملاحظات] ), (Resolutions[الموضوع]<>"")* ( ( (TRIM(SUBSTITUTE(Resolutions[متطلبات المتابعة],CHAR(160)," "))="رسالة رسمية")+ (TRIM(SUBSTITUTE(Resolutions[متطلبات المتابعة],CHAR(160)," "))="بريد من الوحدة التنظيمية") )>0 )* ISNUMBER( _xlfn.XMATCH( TRIM(SUBSTITUTE(Resolutions[مستوى الإنجاز],CHAR(160)," ")), {"متأخر","معلق","ملغى"} ) )* IF( _xlpm.sector="", 1, --( TRIM(SUBSTITUTE(Resolutions[القطاع],CHAR(160)," "))= TRIM(SUBSTITUTE(_xlpm.sector,CHAR(160)," ")) ) )* IF( _xlpm.dept="", 1, --( TRIM(SUBSTITUTE(Resolutions[الإدارة],CHAR(160)," "))= TRIM(SUBSTITUTE(_xlpm.dept,CHAR(160)," ")) ) ), "" ), _xlpm.laws,_xlfn._xlws.FILTER( _xlpm.mkline( "التشريعات", Legislations[الإدارة], Legislations[القطاع], Legislations[[عنوان التشريع ]], "متأخر", Legislations[[مستجدات ]] ), (Legislations[[عنوان التشريع ]]<>"")* (Legislations[Late KPI]="متأخر")* IF(_xlpm.sector="",1,--(Legislations[القطاع]=_xlpm.sector))* IF(_xlpm.dept="",1,--(Legislations[الإدارة]=_xlpm.dept)), "" ), _xlpm.items,_xlfn.VSTACK( _xlpm.special, _xlpm.projects, _xlpm.agenda, _xlpm.decisions, _xlpm.laws ), _xlpm.filtered,_xlfn._xlws.FILTER( _xlpm.items, _xlpm.items<>"", "" ), IF( _xlpm.filtered="", "لا توجد مواضيع تتطلب المتابعة", _xlfn.SEQUENCE(ROWS(_xlpm.filtered))&". "&_xlpm.filtered ) )}
A3: =IF(Performance!B6="","",Performance!B6) | B3: =IF(Performance!X6="","", Performance!X6) | D3: {=SUMPRODUCT( (--(ECSAC[[الموضوع ]]<>"")) * (IF($A$3="", 1, --(ECSAC[القطاع]=$A$3))) * (IF($B$3="", 1, --(ECSAC[الإدارة]=$B$3))) )} | E3: {=SUMPRODUCT( (--(ECSAC[تصنيف الموضوع]="الأجندة السنوية")) * (IF($A$3="", 1, --(ECSAC[القطاع]=$A$3))) * (IF($B$3="", 1, --(ECSAC[الإدارة]=$B$3))) )} | F3: {=SUMPRODUCT( (--(ECSAC[تصنيف الموضوع]="مستجد")) * (IF($A$3="",1,--(ECSAC[القطاع]=$A$3))) * (IF($B$3="",1,--(ECSAC[الإدارة]=$B$3))) )} | G3: {=SUMPRODUCT( (--(ECSAC[مستوى الإنجاز]="جاهز للعرض")) * (IF($A$3="", 1, --(ECSAC[القطاع]=$A$3))) * (IF($B$3="", 1, --(ECSAC[الإدارة]=$B$3))) )} | H3: {=SUMPRODUCT( --(((ECSAC[مستوى الإنجاز]="قيد التطوير")+ (ECSAC[مستوى الإنجاز]="قيد المراجعة"))>0)* IF($A$3="",1,--(ECSAC[القطاع]=$A$3))* IF($B$3="",1,--(ECSAC[الإدارة]=$B$3)) )} | I3: {=SUMPRODUCT( (--(ECSAC[مستوى الإنجاز]="منجز")) * (IF($A$3="", 1, --(ECSAC[القطاع]=$A$3))) * (IF($B$3="", 1, --(ECSAC[الإدارة]=$B$3))) )} | J3: {=SUMPRODUCT( (--(ECSAC[مستوى الإنجاز]="متأخر")) * (IF($A$3="", 1, --(ECSAC[القطاع]=$A$3))) * (IF($B$3="", 1, --(ECSAC[الإدارة]=$B$3))) )} | L3: {=_xlfn.LET( _xlpm.topic,IFERROR(Resolutions[الموضوع],""), _xlpm.followup,TRIM(SUBSTITUTE(IFERROR(Resolutions[متطلبات المتابعة],""),CHAR(160)," ")), _xlpm.sector,TRIM(SUBSTITUTE(IFERROR(Resolutions[القطاع],""),CHAR(160)," ")), _xlpm.dept,TRIM(SUBSTITUTE(IFERROR(Resolutions[الإدارة],""),CHAR(160)," ")), _xlpm.selectedSector,TRIM(SUBSTITUTE(IFERROR($A$3,""),CHAR(160)," ")), _xlpm.selectedDept,TRIM(SUBSTITUTE(IFERROR($B$3,""),CHAR(160)," ")), SUMPRODUCT( --(_xlpm.topic<>"")* --( ( (_xlpm.followup="رسالة رسمية")+ (_xlpm.followup="بريد من الوحدة التنظيمية") )>0 )* --(((_xlpm.selectedSector="")+(_xlpm.sector=_xlpm.selectedSector))>0)* --(((_xlpm.selectedDept="")+(_xlpm.dept=_xlpm.selectedDept))>0) ) )} | M3: =SUM(P3:Q3) | N3: {=_xlfn.LET( _xlpm.topic,IFERROR(Resolutions[الموضوع],""), _xlpm.followup,TRIM(SUBSTITUTE(IFERROR(Resolutions[متطلبات المتابعة],""),CHAR(160)," ")), _xlpm.status,TRIM(SUBSTITUTE(IFERROR(Resolutions[مستوى الإنجاز],""),CHAR(160)," ")), _xlpm.sector,TRIM(SUBSTITUTE(IFERROR(Resolutions[القطاع],""),CHAR(160)," ")), _xlpm.dept,TRIM(SUBSTITUTE(IFERROR(Resolutions[الإدارة],""),CHAR(160)," ")), _xlpm.selectedSector,TRIM(SUBSTITUTE(IFERROR($A$3,""),CHAR(160)," ")), _xlpm.selectedDept,TRIM(SUBSTITUTE(IFERROR($B$3,""),CHAR(160)," ")), SUMPRODUCT( --(_xlpm.topic<>"")* --( ( (_xlpm.followup="رسالة رسمية")+ (_xlpm.followup="بريد من الوحدة التنظيمية") )>0 )* --(_xlpm.status="منجز")* --(((_xlpm.selectedSector="")+(_xlpm.sector=_xlpm.selectedSector))>0)* --(((_xlpm.selectedDept="")+(_xlpm.dept=_xlpm.selectedDept))>0) ) )} | O3: {=_xlfn.LET( _xlpm.topic,IFERROR(Resolutions[الموضوع],""), _xlpm.followup,TRIM(SUBSTITUTE(IFERROR(Resolutions[متطلبات المتابعة],""),CHAR(160)," ")), _xlpm.status,TRIM(SUBSTITUTE(IFERROR(Resolutions[مستوى الإنجاز],""),CHAR(160)," ")), _xlpm.sector,TRIM(SUBSTITUTE(IFERROR(Resolutions[القطاع],""),CHAR(160)," ")), _xlpm.dept,TRIM(SUBSTITUTE(IFERROR(Resolutions[الإدارة],""),CHAR(160)," ")), _xlpm.selectedSector,TRIM(SUBSTITUTE(IFERROR($A$3,""),CHAR(160)," ")), _xlpm.selectedDept,TRIM(SUBSTITUTE(IFERROR($B$3,""),CHAR(160)," ")), SUMPRODUCT( --(_xlpm.topic<>"")* --( ( (_xlpm.followup="رسالة رسمية")+ (_xlpm.followup="بريد من الوحدة التنظيمية") )>0 )* --(_xlpm.status="متأخر")* --(((_xlpm.selectedSector="")+(_xlpm.sector=_xlpm.selectedSector))>0)* --(((_xlpm.selectedDept="")+(_xlpm.dept=_xlpm.selectedDept))>0) ) )} | P3: {=_xlfn.LET( _xlpm.topic,IFERROR(Resolutions[الموضوع],""), _xlpm.followup,TRIM(SUBSTITUTE(IFERROR(Resolutions[متطلبات المتابعة],""),CHAR(160)," ")), _xlpm.itemStatus,TRIM(SUBSTITUTE(IFERROR(Resolutions[مستوى الإنجاز],""),CHAR(160)," ")), _xlpm.sector,TRIM(SUBSTITUTE(IFERROR(Resolutions[القطاع],""),CHAR(160)," ")), _xlpm.dept,TRIM(SUBSTITUTE(IFERROR(Resolutions[الإدارة],""),CHAR(160)," ")), _xlpm.selSector,TRIM(SUBSTITUTE(IFERROR($A$3,""),CHAR(160)," ")), _xlpm.selDept,TRIM(SUBSTITUTE(IFERROR($B$3,""),CHAR(160)," ")), SUMPRODUCT( --(_xlpm.topic<>""), --(((_xlpm.followup="رسالة رسمية")+(_xlpm.followup="بريد من الوحدة التنظيمية"))>0), --(_xlpm.itemStatus="قيد التطوير"), --(((_xlpm.selSector="")+(_xlpm.sector=_xlpm.selSector))>0), --(((_xlpm.selDept="")+(_xlpm.dept=_xlpm.selDept))>0) ) )} | Q3: {=_xlfn.LET( _xlpm.topic,IFERROR(Resolutions[الموضوع],""), _xlpm.followup,TRIM(SUBSTITUTE(IFERROR(Resolutions[متطلبات المتابعة],""),CHAR(160)," ")), _xlpm.itemStatus,TRIM(SUBSTITUTE(IFERROR(Resolutions[مستوى الإنجاز],""),CHAR(160)," ")), _xlpm.sector,TRIM(SUBSTITUTE(IFERROR(Resolutions[القطاع],""),CHAR(160)," ")), _xlpm.dept,TRIM(SUBSTITUTE(IFERROR(Resolutions[الإدارة],""),CHAR(160)," ")), _xlpm.selSector,TRIM(SUBSTITUTE(IFERROR($A$3,""),CHAR(160)," ")), _xlpm.selDept,TRIM(SUBSTITUTE(IFERROR($B$3,""),CHAR(160)," ")), SUMPRODUCT( --(_xlpm.topic<>""), --(((_xlpm.followup="رسالة رسمية")+(_xlpm.followup="بريد من الوحدة التنظيمية"))>0), --(_xlpm.itemStatus="قيد المراجعة"), --(((_xlpm.selSector="")+(_xlpm.sector=_xlpm.selSector))>0), --(((_xlpm.selDept="")+(_xlpm.dept=_xlpm.selDept))>0) ) )} | S3: {=SUMPRODUCT( (--(Legislations[[عنوان التشريع ]]<>"")) * (IF($A$3="", 1, --(Legislations[القطاع]=$A$3))) * (IF($B$3="", 1, --(Legislations[الإدارة]=$B$3))) )} | T3: {=SUMPRODUCT( (--(Legislations[مؤشرات الأداء]="قيد الإجراء")) * (IF($A$3="", 1, --(Legislations[القطاع]=$A$3))) * (IF($B$3="", 1, --(Legislations[الإدارة]=$B$3))) )} | U3: {=SUMPRODUCT( (--(Legislations[مؤشرات الأداء]="في الموعد")) * (IF($A$3="", 1, --(Legislations[القطاع]=$A$3))) * (IF($B$3="", 1, --(Legislations[الإدارة]=$B$3))) )-SUMPRODUCT( (--(Legislations[تجاوز الموعد]="متأخر")) * (IF($A$3="", 1, --(Legislations[القطاع]=$A$3))) * (IF($B$3="", 1, --(Legislations[الإدارة]=$B$3))) )} | V3: {=SUMPRODUCT( (--(Legislations[تجاوز الموعد]="متأخر")) * (IF($A$3="", 1, --(Legislations[القطاع]=$A$3))) * (IF($B$3="", 1, --(Legislations[الإدارة]=$B$3))) )} | W3: {=SUMPRODUCT( (--(Legislations[Late KPI]="متأخر")) * (IF($A$3="", 1, --(Legislations[القطاع]=$A$3))) * (IF($B$3="", 1, --(Legislations[الإدارة]=$B$3))) )} | Y3: {=SUMPRODUCT( --(Special[اسم المشروع]<>"")* IF( $A$3="", 1, --(Special[القطاع]=$A$3) )* IF( $B$3="", 1, --(Special[[الإدارة ]]=$B$3) ) )} | Z3: {=SUMPRODUCT( (--(Special[مشاريع سموه]="نعم")) * (IF($A$3="", 1, --(Special[القطاع]=$A$3))) * (IF($B$3="", 1, --(Special[[الإدارة ]]=$B$3))) )} | AA3: {=SUMPRODUCT( (--(Special[مستوى الإنجاز]="منجز")) * (--(Special[مشاريع سموه]="نعم")) * (IF($A$3="", 1, --(Special[القطاع]=$A$3))) * (IF($B$3="", 1, --(Special[[الإدارة ]]=$B$3))) )} | AB3: {=SUMPRODUCT( (--(Special[مستوى الإنجاز]="متأخر")) * (--(Special[مشاريع سموه]="نعم")) * (IF($A$3="", 1, --(Special[القطاع]=$A$3))) * (IF($B$3="", 1, --(Special[[الإدارة ]]=$B$3))) )} | AC3: {=SUMPRODUCT( (--(Special[مشاريع سموه]="لا")) * (IF($A$3="", 1, --(Special[القطاع]=$A$3))) * (IF($B$3="", 1, --(Special[[الإدارة ]]=$B$3))) )} | AD3: {=SUMPRODUCT( (--(Special[مستوى الإنجاز]="منجز")) * (--(Special[مشاريع سموه]="لا")) * (IF($A$3="", 1, --(Special[القطاع]=$A$3))) * (IF($B$3="", 1, --(Special[[الإدارة ]]=$B$3))) )} | AE3: {=SUMPRODUCT( (--(Special[مستوى الإنجاز]="متأخر")) * (--(Special[مشاريع سموه]="لا")) * (IF($A$3="", 1, --(Special[القطاع]=$A$3))) * (IF($B$3="", 1, --(Special[[الإدارة ]]=$B$3))) )} | AG3: {=SUMPRODUCT( (--(Projects[اسم المشروع]<>"")) * (IF($A$3="", 1, --(Projects[القطاع]=$A$3))) * (IF($B$3="", 1, --(Projects[[الإدارة ]]=$B$3))) )} | AH3: {=SUMPRODUCT( (--(Projects[مستوى الإنجاز]="Active")) * (IF($A$3="", 1, --(Projects[القطاع]=$A$3))) * (IF($B$3="", 1, --(Projects[[الإدارة ]]=$B$3))) )} | AI3: {=SUMPRODUCT( --(((Projects[مستوى الإنجاز]="Cancelled")+ (Projects[مستوى الإنجاز]="Frozen"))>0)* IF($A$3="",1,--(Projects[القطاع]=$A$3))* IF($B$3="",1,--(Projects[[الإدارة ]]=$B$3)) )} | AJ3: {=SUMPRODUCT( (--(Projects[مستوى الإنجاز]="Completed")) * (IF($A$3="", 1, --(Projects[القطاع]=$A$3))) * (IF($B$3="", 1, --(Projects[[الإدارة ]]=$B$3))) )} | AK3: {=SUMPRODUCT( (--(Projects[Late KPI]="Late")) * (IF($A$3="", 1, --(Projects[القطاع]=$A$3))) * (IF($B$3="", 1, --(Projects[[الإدارة ]]=$B$3))) )} | AL3: {=SUMPRODUCT( (--(Projects[الربع]="Q1")) * (IF($A$3="", 1, --(Projects[القطاع]=$A$3))) * (IF($B$3="", 1, --(Projects[[الإدارة ]]=$B$3))) )} | AM3: {=SUMPRODUCT( (--(Projects[الربع]="Q2")) * (IF($A$3="", 1, --(Projects[القطاع]=$A$3))) * (IF($B$3="", 1, --(Projects[[الإدارة ]]=$B$3))) )} | AN3: {=SUMPRODUCT( (--(Projects[الربع]="Q3")) * (IF($A$3="", 1, --(Projects[القطاع]=$A$3))) * (IF($B$3="", 1, --(Projects[[الإدارة ]]=$B$3))) )} | AO3: {=SUMPRODUCT( (--(Projects[الربع]="Q4")) * (IF($A$3="", 1, --(Projects[القطاع]=$A$3))) * (IF($B$3="", 1, --(Projects[[الإدارة ]]=$B$3))) )} | AQ3: {=_xlfn.LET( _xlpm.total, SUMPRODUCT( --(Strategy[المؤشر]<>"")* IF($A$3="",1,--(Strategy[القطاع]=$A$3))* IF($B$3="",1,--(Strategy[الإدارة]=$B$3)) ), IF(_xlpm.total=0,"",_xlpm.total&" / "&$AX$3) )} | AR3: {=_xlfn.LET( _xlpm.results,Strategy[[نتيجة العام ]], _xlpm.include, (Strategy[المؤشر]<>"")* ISNUMBER(_xlpm.results)* (_xlpm.results<>0)* IF($A$3="",1,--(Strategy[القطاع]=$A$3))* IF($B$3="",1,--(Strategy[الإدارة]=$B$3)), IFERROR( AVERAGE(_xlfn._xlws.FILTER(_xlpm.results,_xlpm.include)), "" ) )} | AS3: {=_xlfn.LET( _xlpm.targets,Strategy[المستهدف للعام], _xlpm.include, (Strategy[المؤشر]<>"")* ISNUMBER(_xlpm.targets)* (_xlpm.targets<>0)* IF($A$3="",1,--(Strategy[القطاع]=$A$3))* IF($B$3="",1,--(Strategy[الإدارة]=$B$3)), IFERROR( AVERAGE(_xlfn._xlws.FILTER(_xlpm.targets,_xlpm.include)), "" ) )} | AW3: الشهر الحالي | AX3: {=_xlfn.LET( _xlpm.results,Strategy[[نتيجة العام ]], SUMPRODUCT( --(Strategy[المؤشر]<>"")* --ISNUMBER(_xlpm.results)* --(_xlpm.results<>0)* IF($A$3="",1,--(Strategy[القطاع]=$A$3))* IF($B$3="",1,--(Strategy[الإدارة]=$B$3)) ) )} | AY3: =$AR$3 | AZ3: =$Y$3 | BA3: =$AA$3 | BB3: =$AB$3 | BC3: =$AD$3 | BD3: =$AE$3 | BE3: =$D$3 | BF3: =$I$3 | BG3: =$J$3 | BH3: =$L$3 | BI3: =$N$3 | BJ3: =$O$3 | BK3: =$AG$3 | BL3: =$AJ$3 | BM3: =$AK$3 | BN3: =$S$3 | BO3: =$U$3 | BP3: =$V$3 | BQ3: =$W$3 | BR3: =$AG$6 | BS3: =$AH$6 | BT3: =$AI$6 | BU3: =$AJ$6 | BV3: =$Z$3 | BW3: =$AC$3 | BX3: =BV3-BA3-BB3 | BY3: =BW3-BC3-BD3 | BZ3: =$E$3 | CA3: =$F$3 | CB3: =$H$3 | CC3: =$G$3 | CD3: =$M$3 | CE3: =$AH$3 | CF3: =$AI$3 | CG3: =$AL$3 | CH3: =$AM$3 | CI3: =$AN$3 | CJ3: =$AO$3
AW4: التغيير | AX4: =IF(COUNT(AX2:AX3)<2,"",IF(AX3=AX2,"",IF(AX3>AX2,"▲ +","▼ -")&TEXT(ABS(AX3-AX2),"#,##0"))) | AY4: =IF(OR(AY2="",AY3=""),"",IF(ABS(AY3-AY2)<0.0005,"",IF(AY3>AY2,"▲ +","▼ -")&TEXT(ABS(AY3-AY2)*100,"0.0")&" نقطة مئوية")) | AZ4: =IF(COUNT(AZ2:AZ3)<2,"",IF(AZ3=AZ2,"",IF(AZ3>AZ2,"▲ +","▼ -")&TEXT(ABS(AZ3-AZ2),"#,##0"))) | BA4: =IF(COUNT(BA2:BA3)<2,"",IF(BA3=BA2,"",IF(BA3>BA2,"▲ +","▼ -")&TEXT(ABS(BA3-BA2),"#,##0"))) | BB4: =IF(COUNT(BB2:BB3)<2,"",IF(BB3=BB2,"",IF(BB3>BB2,"▲ +","▼ -")&TEXT(ABS(BB3-BB2),"#,##0"))) | BC4: =IF(COUNT(BC2:BC3)<2,"",IF(BC3=BC2,"",IF(BC3>BC2,"▲ +","▼ -")&TEXT(ABS(BC3-BC2),"#,##0"))) | BD4: =IF(COUNT(BD2:BD3)<2,"",IF(BD3=BD2,"",IF(BD3>BD2,"▲ +","▼ -")&TEXT(ABS(BD3-BD2),"#,##0"))) | BE4: =IF(COUNT(BE2:BE3)<2,"",IF(BE3=BE2,"",IF(BE3>BE2,"▲ +","▼ -")&TEXT(ABS(BE3-BE2),"#,##0"))) | BF4: =IF(COUNT(BF2:BF3)<2,"",IF(BF3=BF2,"",IF(BF3>BF2,"▲ +","▼ -")&TEXT(ABS(BF3-BF2),"#,##0"))) | BG4: =IF(COUNT(BG2:BG3)<2,"",IF(BG3=BG2,"",IF(BG3>BG2,"▲ +","▼ -")&TEXT(ABS(BG3-BG2),"#,##0"))) | ... BQ4: =IF(COUNT(BQ2:BQ3)<2,"",IF(BQ3=BQ2,"",IF(BQ3>BQ2,"▲ +","▼ -")&TEXT(ABS(BQ3-BQ2),"#,##0"))) | BR4: =IF(COUNT(BR2:BR3)<2,"",IF(BR3=BR2,"",IF(BR3>BR2,"+ ▲","- ▼"))) | BS4: =IF(COUNT(BS2:BS3)<2,"",IF(BS3=BS2,"",IF(BS3>BS2,"+ ▲","- ▼"))) | BT4: =IF(COUNT(BT2:BT3)<2,"",IF(BT3=BT2,"",IF(BT3>BT2,"+ ▲","- ▼"))) | BU4: =IF(COUNT(BU2:BU3)<2,"",IF(BU3=BU2,"",IF(BU3>BU2,"+ ▲","- ▼"))) | BV4: =IF(COUNT(BV2:BV3)<2,"",IF(BV3=BV2,"",IF(BV3>BV2,"▲ +","▼ -")&TEXT(ABS(BV3-BV2),"#,##0"))) | BW4: =IF(COUNT(BW2:BW3)<2,"",IF(BW3=BW2,"",IF(BW3>BW2,"▲ +","▼ -")&TEXT(ABS(BW3-BW2),"#,##0"))) | BX4: =IF(COUNT(BX2:BX3)<2,"",IF(BX3=BX2,"",IF(BX3>BX2,"▲ +","▼ -")&TEXT(ABS(BX3-BX2),"#,##0"))) | BY4: =IF(COUNT(BY2:BY3)<2,"",IF(BY3=BY2,"",IF(BY3>BY2,"▲ +","▼ -")&TEXT(ABS(BY3-BY2),"#,##0"))) | BZ4: =IF(COUNT(BZ2:BZ3)<2,"",IF(BZ3=BZ2,"",IF(BZ3>BZ2,"▲ +","▼ -")&TEXT(ABS(BZ3-BZ2),"#,##0"))) | CA4: =IF(COUNT(CA2:CA3)<2,"",IF(CA3=CA2,"",IF(CA3>CA2,"▲ +","▼ -")&TEXT(ABS(CA3-CA2),"#,##0"))) | CB4: =IF(COUNT(CB2:CB3)<2,"",IF(CB3=CB2,"",IF(CB3>CB2,"▲ +","▼ -")&TEXT(ABS(CB3-CB2),"#,##0"))) | CC4: =IF(COUNT(CC2:CC3)<2,"",IF(CC3=CC2,"",IF(CC3>CC2,"▲ +","▼ -")&TEXT(ABS(CC3-CC2),"#,##0"))) | ... CJ4: =IF(COUNT(CJ2:CJ3)<2,"",IF(CJ3=CJ2,"",IF(CJ3>CJ2,"▲ +","▼ -")&TEXT(ABS(CJ3-CJ2),"#,##0")))
A5: القطاع | B5: الادارة | AG5: الموازنة المعتمدة | AH5: المنفق الفعلي | AI5: المخصص | AJ5: غير المخصص | AU5: الأمانة العامة للمجلس التنفيذي | AV5: مكتب الأمين العام | AW5: الشهر السابق | AX5: 0 | AZ5: 0 | BA5: 0 | BB5: 0 | BC5: 0 | BD5: 0 | BE5: 0 | BF5: 0 | BG5: 0 | BH5: 0 | BI5: 0 | BJ5: 0 | BK5: 3 | BL5: 2 | BM5: 0 | BN5: 0 | BO5: 0 | BP5: 0 | BQ5: 0 | BR5: 21756000 | BS5: 15707007 | BT5: 19465555 | BU5: 2290445 | BV5: 0 | BW5: 0 | BX5: 0 | BY5: 0 | BZ5: 0 | CA5: 0 | CB5: 0 | CC5: 0 | CD5: 0 | CE5: 1 | CF5: 0 | CG5: 0 | CH5: 0 | CI5: 0 | CJ5: 3
AG6: {=SUMPRODUCT( IFERROR(--Projects[الموازنة المعتمدة الجديدة],0), --((($A$3="")+(Projects[القطاع]=$A$3))>0), --((($B$3="")+(Projects[[الإدارة ]]=$B$3))>0) )} | AH6: {=SUMPRODUCT( IFERROR(--Projects[المنفق الفعلي],0), --((($A$3="")+(Projects[القطاع]=$A$3))>0), --((($B$3="")+(Projects[[الإدارة ]]=$B$3))>0) )} | AI6: {=SUMPRODUCT( IFERROR(--Projects[المخصص],0), --((($A$3="")+(Projects[القطاع]=$A$3))>0), --((($B$3="")+(Projects[[الإدارة ]]=$B$3))>0) )} | AJ6: {=SUMPRODUCT( IFERROR(--Projects[غير المخصص],0), --((($A$3="")+(Projects[القطاع]=$A$3))>0), --((($B$3="")+(Projects[[الإدارة ]]=$B$3))>0) )} | AU6: الأمانة العامة للمجلس التنفيذي | AV6: مكتب خطة دبي | AW6: الشهر السابق | AX6: 2 | AY6: 1 | AZ6: 6 | BA6: 0 | BB6: 0 | BC6: 1 | BD6: 0 | BE6: 0 | BF6: 0 | BG6: 0 | BH6: 0 | BI6: 0 | BJ6: 0 | BK6: 0 | BL6: 0 | BM6: 0 | BN6: 0 | BO6: 0 | BP6: 0 | BQ6: 0 | BR6: 0 | BS6: 0 | BT6: 0 | BU6: 0 | BV6: 0 | BW6: 6 | BX6: 0 | BY6: 5 | BZ6: 0 | CA6: 0 | CB6: 0 | CC6: 0 | CD6: 0 | CE6: 0 | CF6: 0 | CG6: 0 | CH6: 0 | CI6: 0 | CJ6: 0
A7: {=_xlfn.LET( _xlpm.data, Departments[القطاع], _xlpm.dept, Departments[الوحدة التنظيمية], _xlpm.inc, (IF($B$3="", TRUE, _xlpm.dept=$B$3)) * (_xlpm.data<>""), IFERROR(_xlfn.UNIQUE(_xlfn._xlws.FILTER(_xlpm.data, _xlpm.inc)), "") )} | B7: {=_xlfn.LET( _xlpm.data, Departments[الوحدة التنظيمية], _xlpm.sector, Departments[القطاع], _xlpm.inc, (IF($A$3="", TRUE, _xlpm.sector=$A$3)) * (_xlpm.data<>""), IFERROR(_xlfn.UNIQUE(_xlfn._xlws.FILTER(_xlpm.data, _xlpm.inc)), "") )} | AU7: الأمانة العامة للمجلس التنفيذي | AV7: مكتب التدقيق الداخلي | AW7: الشهر السابق | AX7: 0 | AZ7: 0 | BA7: 0 | BB7: 0 | BC7: 0 | BD7: 0 | BE7: 0 | BF7: 0 | BG7: 0 | BH7: 0 | BI7: 0 | BJ7: 0 | BK7: 1 | BL7: 0 | BM7: 0 | BN7: 1 | BO7: 1 | BP7: 0 | BQ7: 0 | BR7: 846000 | BS7: 40000 | BT7: 846000 | BU7: 0 | BV7: 0 | BW7: 0 | BX7: 0 | BY7: 0 | BZ7: 0 | CA7: 0 | CB7: 0 | CC7: 0 | CD7: 0 | CE7: 1 | CF7: 0 | CG7: 0 | CH7: 0 | CI7: 0 | CJ7: 1
A8: الحوكمة | B8: الشراكات والعلاقات الدولية | D8: م | E8: المواضيع | F8: concate | I8: totals | J8: =SUM(J10:J14) | L8: م | M8: القرارات | N8: concate | P8: totals | Q8: =IF(P10="",0,SUM(_xlfn.CHOOSECOLS(_xlfn.ANCHORARRAY(P10),2))) | S8: م | T8: التشريعات | U8: conacte | Y8: المشاريع | Z8: م | AA8: concate | AB8: totals | AC8: =SUM(AC10:AC13) | AG8: المشاريع | AH8: م | AI8: concate | AK8: totals | AL8: =SUM(AL10:AL15) | AU8: الأمانة العامة للمجلس التنفيذي | AV8: الأبحاث والرصد | AW8: الشهر السابق | AX8: 1 | AY8: 0.53763441 | AZ8: 0 | BA8: 0 | BB8: 0 | BC8: 0 | BD8: 0 | BE8: 0 | BF8: 0 | BG8: 0 | BH8: 0 | BI8: 0 | BJ8: 0 | BK8: 3 | BL8: 0 | BM8: 0 | BN8: 0 | BO8: 0 | BP8: 0 | BQ8: 0 | BR8: 2000000 | BS8: 29497 | BT8: 1166043 | BU8: 833957 | BV8: 0 | BW8: 0 | BX8: 0 | BY8: 0 | BZ8: 0 | CA8: 0 | CB8: 0 | CC8: 0 | CD8: 0 | CE8: 3 | CF8: 0 | CG8: 0 | CH8: 0 | CI8: 0 | CJ8: 0
A9: التنمية المستدامة | B9: مكتب التدقيق الداخلي | AU9: الأمانة العامة للمجلس التنفيذي | AV9: الشراكات والعلاقات الدولية | AW9: الشهر السابق | AX9: 0 | AZ9: 0 | BA9: 0 | BB9: 0 | BC9: 0 | BD9: 0 | BE9: 0 | BF9: 0 | BG9: 0 | BH9: 0 | BI9: 0 | BJ9: 0 | BK9: 0 | BL9: 0 | BM9: 0 | BN9: 0 | BO9: 0 | BP9: 0 | BQ9: 0 | BR9: 0 | BS9: 0 | BT9: 0 | BU9: 0 | BV9: 0 | BW9: 0 | BX9: 0 | BY9: 0 | BZ9: 0 | CA9: 0 | CB9: 0 | CC9: 0 | CD9: 0 | CE9: 0 | CF9: 0 | CG9: 0 | CH9: 0 | CI9: 0 | CJ9: 0
A10: الاقتصاد والتنمية الاجتماعية | B10: مكتب خطة دبي | D10: =IF(E10="","",1+D9) | E10: {=_xlfn._xlws.FILTER( ECSAC[[الموضوع ]]& IF( ECSAC[ملاحظات فريق الأمانة العامة]="", "", " - "&ECSAC[ملاحظات فريق الأمانة العامة] ), (ECSAC[[الموضوع ]]<>"")* (ECSAC[مستوى الإنجاز]="متأخر")* IF( $A$3="", 1, --(ECSAC[القطاع]=$A$3) )* IF( $B$3="", 1, --(ECSAC[الإدارة]=$B$3) ), "" )} | F10: =IF(D10="","",CONCATENATE(D10,". ",E10)) | I10: {=_xlfn.LET( _xlpm.Status,ECSAC[مستوى الإنجاز], _xlpm.Sector,ECSAC[القطاع], _xlpm.Department,ECSAC[الإدارة], _xlpm.Criteria, (_xlpm.Status<>"")* IF($A$3="",1,--(_xlpm.Sector=$A$3))* IF($B$3="",1,--(_xlpm.Department=$B$3)), _xlpm.Types,_xlfn.UNIQUE(_xlfn._xlws.FILTER(_xlpm.Status,_xlpm.Criteria,"")), _xlpm.Counts, IF( $A$3="", IF( $B$3="", COUNTIFS(_xlpm.Status,_xlpm.Types), COUNTIFS(_xlpm.Status,_xlpm.Types,_xlpm.Department,$B$3) ), IF( $B$3="", COUNTIFS(_xlpm.Status,_xlpm.Types,_xlpm.Sector,$A$3), COUNTIFS(_xlpm.Status,_xlpm.Types,_xlpm.Sector,$A$3,_xlpm.Department,$B$3) ) ), IF(_xlpm.Types="","",_xlfn.HSTACK(_xlpm.Types,_xlpm.Counts)) )} | J10: 16 | L10: =IF(M10="","",1+L9) | M10: {=_xlfn._xlws.FILTER( Resolutions[الموضوع]&" - "&Resolutions[ملاحظات], (Resolutions[الموضوع]<>"")* ( ( (TRIM(SUBSTITUTE(Resolutions[متطلبات المتابعة],CHAR(160)," "))="رسالة رسمية")+ (TRIM(SUBSTITUTE(Resolutions[متطلبات المتابعة],CHAR(160)," "))="بريد من الوحدة التنظيمية") )>0 )* (TRIM(SUBSTITUTE(Resolutions[مستوى الإنجاز],CHAR(160)," "))="متأخر")* IF( $A$3="", 1, --(TRIM(SUBSTITUTE(Resolutions[القطاع],CHAR(160)," "))=TRIM(SUBSTITUTE($A$3,CHAR(160)," "))) )* IF( $B$3="", 1, --(TRIM(SUBSTITUTE(Resolutions[الإدارة],CHAR(160)," "))=TRIM(SUBSTITUTE($B$3,CHAR(160)," "))) ), "" )} | N10: =IF(L10="","",CONCATENATE(L10,". ",M10)) | P10: {=_xlfn.LET( _xlpm.tidy,_xlfn.LAMBDA(_xlpm.x, TRIM(SUBSTITUTE(IFERROR(_xlpm.x&"",""),CHAR(160)," ")) ), _xlpm.topic,IFERROR(Resolutions[الموضوع],""), _xlpm.followup,_xlpm.tidy(Resolutions[متطلبات المتابعة]), _xlpm.rawStatus,_xlpm.tidy(Resolutions[مستوى الإنجاز]), _xlpm.status,IF(_xlpm.rawStatus="","غير محدد",_xlpm.rawStatus), _xlpm.sector,_xlpm.tidy(Resolutions[القطاع]), _xlpm.dept,_xlpm.tidy(Resolutions[الإدارة]), _xlpm.selectedSector,_xlpm.tidy($A$3), _xlpm.selectedDept,_xlpm.tidy($B$3), _xlpm.include, (_xlpm.topic<>"")* ( ( (_xlpm.followup="رسالة رسمية")+ (_xlpm.followup="بريد من الوحدة التنظيمية") )>0 )* IF(_xlpm.selectedSector="",1,--(_xlpm.sector=_xlpm.selectedSector))* IF(_xlpm.selectedDept="",1,--(_xlpm.dept=_xlpm.selectedDept)), IF( SUM(_xlpm.include)=0, "", _xlfn.LET( _xlpm.filteredStatus,_xlfn._xlws.FILTER(_xlpm.status,_xlpm.include), _xlpm.types,_xlfn.UNIQUE(_xlpm.filteredStatus), _xlpm.counts,_xlfn.MAP( _xlpm.types, _xlfn.LAMBDA(_xlpm.itemStatus, SUM(--(_xlpm.filteredStatus=_xlpm.itemStatus)) ) ), _xlfn.HSTACK(_xlpm.types,_xlpm.counts) ) ) )} | Q10: 38 | S10: =IF(T10="","",1+S9) | T10: {=_xlfn._xlws.FILTER( Legislations[[عنوان التشريع ]]& IF( Legislations[[مستجدات ]]="", "", " - "&Legislations[[مستجدات ]] ), (Legislations[[عنوان التشريع ]]<>"")* (Legislations[Late KPI]="متأخر")* IF( $A$3="", 1, --(Legislations[القطاع]=$A$3) )* IF( $B$3="", 1, --(Legislations[الإدارة]=$B$3) ), "" )} | U10: =IF(S10="","",CONCATENATE(S10,". ",T10)) | Y10: {=_xlfn._xlws.FILTER( Special[اسم المشروع]&" - "&Special[ملاحظات مدير المشروع], (Special[مستوى الإنجاز]="متأخر")* IF( $B$3="", IF( $A$3="", TRUE, Special[القطاع]=$A$3 ), IF( $A$3="", Special[[الإدارة ]]=$B$3, (Special[[الإدارة ]]=$B$3)* (Special[القطاع]=$A$3) ) ), "" )} | Z10: =IF(Y10="","",1+Z9) | AA10: =IF(Z10="","",CONCATENATE(Z10,". ",Y10)) | AB10: {=_xlfn.LET( _xlpm.Status,Special[مستوى الإنجاز], _xlpm.Sector,Special[القطاع], _xlpm.Department,Special[[الإدارة ]], _xlpm.Criteria, (_xlpm.Status<>"")* IF($A$3="",1,--(_xlpm.Sector=$A$3))* IF($B$3="",1,--(_xlpm.Department=$B$3)), _xlpm.Types,_xlfn.UNIQUE(_xlfn._xlws.FILTER(_xlpm.Status,_xlpm.Criteria,"")), _xlpm.Counts, IF( $A$3="", IF( $B$3="", COUNTIFS(_xlpm.Status,_xlpm.Types), COUNTIFS(_xlpm.Status,_xlpm.Types,_xlpm.Department,$B$3) ), IF( $B$3="", COUNTIFS(_xlpm.Status,_xlpm.Types,_xlpm.Sector,$A$3), COUNTIFS(_xlpm.Status,_xlpm.Types,_xlpm.Sector,$A$3,_xlpm.Department,$B$3) ) ), IF(_xlpm.Types="","",_xlfn.HSTACK(_xlpm.Types,_xlpm.Counts)) )} | AC10: 23 | AG10: {=_xlfn._xlws.FILTER( Projects[ملاحظات مدير المشروع]&" - "&Projects[اسم المشروع], (Projects[اسم المشروع]<>"")* ( ( (Projects[Late KPI]="Late")+ (Projects[مستوى الإنجاز]="Frozen")+ (Projects[مستوى الإنجاز]="Cancelled")+ (Projects[مستوى الإنجاز]="Transferred") )>0 )* IF( $A$3="", 1, --(Projects[القطاع]=$A$3) )* IF( $B$3="", 1, --(Projects[[الإدارة ]]=$B$3) ), "" )} | AH10: =IF(AG10="","",1+AH9) | AI10: =IF(AH10="","",CONCATENATE(AH10,". ",AG10)) | AK10: {=_xlfn.LET( _xlpm.Status,Projects[مستوى الإنجاز], _xlpm.Sector,Projects[القطاع], _xlpm.Department,Projects[[الإدارة ]], _xlpm.Criteria, (_xlpm.Status<>"")* IF($A$3="",1,--(_xlpm.Sector=$A$3))* IF($B$3="",1,--(_xlpm.Department=$B$3)), _xlpm.Types,_xlfn.UNIQUE(_xlfn._xlws.FILTER(_xlpm.Status,_xlpm.Criteria,"")), _xlpm.Counts, IF( $A$3="", IF( $B$3="", COUNTIFS(_xlpm.Status,_xlpm.Types), COUNTIFS(_xlpm.Status,_xlpm.Types,_xlpm.Department,$B$3) ), IF( $B$3="", COUNTIFS(_xlpm.Status,_xlpm.Types,_xlpm.Sector,$A$3), COUNTIFS(_xlpm.Status,_xlpm.Types,_xlpm.Sector,$A$3,_xlpm.Department,$B$3) ) ), IF(_xlpm.Types="","",_xlfn.HSTACK(_xlpm.Types,_xlpm.Counts)) )} | AL10: 61 | AU10: الاقتصاد والتنمية الاجتماعية | AV10: السياسات والإستراتيجيات الاقتصادية | AW10: الشهر السابق | AX10: 0 | AZ10: 7 | BA10: 4 | BB10: 0 | BC10: 1 | BD10: 0 | BE10: 17 | BF10: 10 | BG10: 1 | BH10: 8 | BI10: 7 | BJ10: 0 | BK10: 0 | BL10: 0 | BM10: 0 | BN10: 33 | BO10: 24 | BP10: 9 | BQ10: 0 | BR10: 0 | BS10: 0 | BT10: 0 | BU10: 0 | BV10: 6 | BW10: 1 | BX10: 2 | BY10: 0 | BZ10: 11 | CA10: 6 | CB10: 2 | CC10: 4 | CD10: 1 | CE10: 0 | CF10: 0 | CG10: 0 | CH10: 0 | CI10: 0 | CJ10: 0
A11: التميز والخدمات الحكومية | B11: الأبحاث والرصد | D11: =IF(E11="","",1+D10) | F11: =IF(D11="","",CONCATENATE(D11,". ",E11)) | I11: منجز | J11: 43 | L11: =IF(M11="","",1+L10) | N11: =IF(L11="","",CONCATENATE(L11,". ",M11)) | P11: قيد التطوير | Q11: 26 | S11: =IF(T11="","",1+S10) | U11: =IF(S11="","",CONCATENATE(S11,". ",T11)) | Z11: =IF(Y11="","",1+Z10) | AA11: =IF(Z11="","",CONCATENATE(Z11,". ",Y11)) | AB11: قيد المراجعة | AC11: 3 | AH11: =IF(AG11="","",1+AH10) | AI11: =IF(AH11="","",CONCATENATE(AH11,". ",AG11)) | AK11: Frozen | AL11: 3 | AU11: الاقتصاد والتنمية الاجتماعية | AV11: السياسات والإستراتيجيات الاجتماعية | AW11: الشهر السابق | AX11: 0 | AZ11: 17 | BA11: 4 | BB11: 0 | BC11: 2 | BD11: 0 | BE11: 23 | BF11: 6 | BG11: 3 | BH11: 14 | BI11: 12 | BJ11: 0 | BK11: 4 | BL11: 1 | BM11: 0 | BN11: 28 | BO11: 23 | BP11: 5 | BQ11: 0 | BR11: 912500 | BS11: 0 | BT11: 290000 | BU11: 622500 | BV11: 9 | BW11: 8 | BX11: 5 | BY11: 6 | BZ11: 21 | CA11: 2 | CB11: 14 | CC11: 0 | CD11: 1 | CE11: 1 | CF11: 0 | CG11: 0 | CH11: 0 | CI11: 0 | CJ11: 4
A12: الاتصال الحكومي وشؤون الأمانة العامة | B12: الحوكمة | D12: =IF(E12="","",1+D11) | F12: =IF(D12="","",CONCATENATE(D12,". ",E12)) | I12: قيد التطوير | J12: 52 | L12: =IF(M12="","",1+L11) | N12: =IF(L12="","",CONCATENATE(L12,". ",M12)) | P12: قيد المراجعة | Q12: 5 | S12: =IF(T12="","",1+S11) | U12: =IF(S12="","",CONCATENATE(S12,". ",T12)) | Z12: =IF(Y12="","",1+Z11) | AA12: =IF(Z12="","",CONCATENATE(Z12,". ",Y12)) | AB12: قيد التطوير | AC12: 35 | AH12: =IF(AG12="","",1+AH11) | AI12: =IF(AH12="","",CONCATENATE(AH12,". ",AG12)) | AK12: Completed | AL12: 10 | AU12: الاقتصاد والتنمية الاجتماعية | AW12: الشهر السابق | AX12: 0 | AZ12: 0 | BA12: 0 | BB12: 0 | BC12: 0 | BD12: 0 | BE12: 0 | BF12: 0 | BG12: 0 | BH12: 0 | BI12: 0 | BJ12: 0 | BK12: 2 | BL12: 0 | BM12: 0 | BN12: 0 | BO12: 0 | BP12: 0 | BQ12: 0 | BR12: 772000 | BS12: 36942 | BT12: 272000 | BU12: 500000 | BV12: 0 | BW12: 0 | BX12: 0 | BY12: 0 | BZ12: 0 | CA12: 0 | CB12: 0 | CC12: 0 | CD12: 0 | CE12: 2 | CF12: 0 | CG12: 0 | CH12: 0 | CI12: 0 | CJ12: 2
B13: التشريعات الحكومية | D13: =IF(E13="","",1+D12) | F13: =IF(D13="","",CONCATENATE(D13,". ",E13)) | I13: قيد المراجعة | J13: 6 | L13: =IF(M13="","",1+L12) | N13: =IF(L13="","",CONCATENATE(L13,". ",M13)) | P13: غير محدد | Q13: 1 | S13: =IF(T13="","",1+S12) | U13: =IF(S13="","",CONCATENATE(S13,". ",T13)) | Z13: =IF(Y13="","",1+Z12) | AA13: =IF(Z13="","",CONCATENATE(Z13,". ",Y13)) | AH13: =IF(AG13="","",1+AH12) | AI13: =IF(AH13="","",CONCATENATE(AH13,". ",AG13)) | AK13: Not Started | AL13: 7 | AU13: التميز والخدمات الحكومية | AV13: التميز والخدمات الحكومية | AW13: الشهر السابق | AX13: 2 | AY13: 0.95833333 | AZ13: 0 | BA13: 0 | BB13: 0 | BC13: 0 | BD13: 0 | BE13: 0 | BF13: 0 | BG13: 0 | BH13: 0 | BI13: 0 | BJ13: 0 | BK13: 8 | BL13: 0 | BM13: 0 | BN13: 1 | BO13: 1 | BP13: 0 | BQ13: 0 | BR13: 5370000 | BS13: 704044 | BT13: 1826903 | BU13: 3543097 | BV13: 0 | BW13: 0 | BX13: 0 | BY13: 0 | BZ13: 0 | CA13: 0 | CB13: 0 | CC13: 0 | CD13: 0 | CE13: 8 | CF13: 0 | CG13: 0 | CH13: 0 | CI13: 0 | CJ13: 8
B14: التنفيذ والأداء | D14: =IF(E14="","",1+D13) | F14: =IF(D14="","",CONCATENATE(D14,". ",E14)) | L14: =IF(M14="","",1+L13) | N14: =IF(L14="","",CONCATENATE(L14,". ",M14)) | S14: =IF(T14="","",1+S13) | U14: =IF(S14="","",CONCATENATE(S14,". ",T14)) | Z14: =IF(Y14="","",1+Z13) | AA14: =IF(Z14="","",CONCATENATE(Z14,". ",Y14)) | AH14: =IF(AG14="","",1+AH13) | AI14: =IF(AH14="","",CONCATENATE(AH14,". ",AG14)) | AK14: Transferred | AL14: 2 | AU14: التميز والخدمات الحكومية | AV14: التقييم والدراسات | AW14: الشهر السابق | AX14: 0 | AZ14: 0 | BA14: 0 | BB14: 0 | BC14: 0 | BD14: 0 | BE14: 0 | BF14: 0 | BG14: 0 | BH14: 0 | BI14: 0 | BJ14: 0 | BK14: 12 | BL14: 2 | BM14: 0 | BN14: 0 | BO14: 0 | BP14: 0 | BQ14: 0 | BR14: 15480000 | BS14: 2311904 | BT14: 6312921 | BU14: 9167079 | BV14: 0 | BW14: 0 | BX14: 0 | BY14: 0 | BZ14: 0 | CA14: 0 | CB14: 0 | CC14: 0 | CD14: 0 | CE14: 9 | CF14: 1 | CG14: 0 | CH14: 1 | CI14: 0 | CJ14: 11
B15: السياسات والاستراتيجيات الصحية والعدل | D15: =IF(E15="","",1+D14) | F15: =IF(D15="","",CONCATENATE(D15,". ",E15)) | L15: =IF(M15="","",1+L14) | N15: =IF(L15="","",CONCATENATE(L15,". ",M15)) | S15: =IF(T15="","",1+S14) | U15: =IF(S15="","",CONCATENATE(S15,". ",T15)) | Z15: =IF(Y15="","",1+Z14) | AA15: =IF(Z15="","",CONCATENATE(Z15,". ",Y15)) | AH15: =IF(AG15="","",1+AH14) | AI15: =IF(AH15="","",CONCATENATE(AH15,". ",AG15)) | AK15: Cancelled | AL15: 1 | AU15: التميز والخدمات الحكومية | AW15: الشهر السابق | AX15: 0 | AZ15: 3 | BA15: 2 | BB15: 0 | BC15: 0 | BD15: 0 | BE15: 0 | BF15: 0 | BG15: 0 | BH15: 0 | BI15: 0 | BJ15: 0 | BK15: 6 | BL15: 0 | BM15: 0 | BN15: 0 | BO15: 0 | BP15: 0 | BQ15: 0 | BR15: 3150000 | BS15: 971014 | BT15: 2019572 | BU15: 1130428 | BV15: 2 | BW15: 1 | BX15: 0 | BY15: 1 | BZ15: 0 | CA15: 0 | CB15: 0 | CC15: 0 | CD15: 0 | CE15: 6 | CF15: 0 | CG15: 0 | CH15: 0 | CI15: 0 | CJ15: 6
B16: السياسات والاستراتيجيات البيئية والبنية التحتية | D16: =IF(E16="","",1+D15) | F16: =IF(D16="","",CONCATENATE(D16,". ",E16)) | L16: =IF(M16="","",1+L15) | N16: =IF(L16="","",CONCATENATE(L16,". ",M16)) | S16: =IF(T16="","",1+S15) | U16: =IF(S16="","",CONCATENATE(S16,". ",T16)) | Z16: =IF(Y16="","",1+Z15) | AA16: =IF(Z16="","",CONCATENATE(Z16,". ",Y16)) | AH16: =IF(AG16="","",1+AH15) | AI16: =IF(AH16="","",CONCATENATE(AH16,". ",AG16)) | AU16: التنمية المستدامة | AV16: السياسات والاستراتيجيات البيئية والبنية التحتية | AW16: الشهر السابق | AX16: 0 | AZ16: 10 | BA16: 1 | BB16: 0 | BC16: 2 | BD16: 1 | BE16: 39 | BF16: 10 | BG16: 1 | BH16: 23 | BI16: 14 | BJ16: 0 | BK16: 0 | BL16: 0 | BM16: 0 | BN16: 30 | BO16: 30 | BP16: 0 | BQ16: 0 | BR16: 0 | BS16: 0 | BT16: 0 | BU16: 0 | BV16: 6 | BW16: 4 | BX16: 5 | BY16: 1 | BZ16: 35 | CA16: 4 | CB16: 21 | CC16: 7 | CD16: 9 | CE16: 0 | CF16: 0 | CG16: 0 | CH16: 0 | CI16: 0 | CJ16: 0
B17: السياسات والإستراتيجيات الاجتماعية | D17: =IF(E17="","",1+D16) | F17: =IF(D17="","",CONCATENATE(D17,". ",E17)) | L17: =IF(M17="","",1+L16) | N17: =IF(L17="","",CONCATENATE(L17,". ",M17)) | S17: =IF(T17="","",1+S16) | U17: =IF(S17="","",CONCATENATE(S17,". ",T17)) | Z17: =IF(Y17="","",1+Z16) | AA17: =IF(Z17="","",CONCATENATE(Z17,". ",Y17)) | AH17: =IF(AG17="","",1+AH16) | AI17: =IF(AH17="","",CONCATENATE(AH17,". ",AG17)) | AU17: التنمية المستدامة | AV17: السياسات والاستراتيجيات الصحية والعدل | AW17: الشهر السابق | AX17: 0 | AZ17: 2 | BA17: 0 | BB17: 0 | BC17: 2 | BD17: 0 | BE17: 30 | BF17: 12 | BG17: 0 | BH17: 13 | BI17: 2 | BJ17: 0 | BK17: 0 | BL17: 0 | BM17: 0 | BN17: 19 | BO17: 11 | BP17: 8 | BQ17: 0 | BR17: 0 | BS17: 0 | BT17: 0 | BU17: 0 | BV17: 0 | BW17: 2 | BX17: 0 | BY17: 0 | BZ17: 30 | CA17: 0 | CB17: 16 | CC17: 2 | CD17: 11 | CE17: 0 | CF17: 0 | CG17: 0 | CH17: 0 | CI17: 0 | CJ17: 0
B18: السياسات والإستراتيجيات الاقتصادية | D18: =IF(E18="","",1+D17) | F18: =IF(D18="","",CONCATENATE(D18,". ",E18)) | L18: =IF(M18="","",1+L17) | N18: =IF(L18="","",CONCATENATE(L18,". ",M18)) | S18: =IF(T18="","",1+S17) | U18: =IF(S18="","",CONCATENATE(S18,". ",T18)) | Z18: =IF(Y18="","",1+Z17) | AA18: =IF(Z18="","",CONCATENATE(Z18,". ",Y18)) | AH18: =IF(AG18="","",1+AH17) | AI18: =IF(AH18="","",CONCATENATE(AH18,". ",AG18)) | AU18: التنمية المستدامة | AW18: الشهر السابق | AX18: 0 | AZ18: 0 | BA18: 0 | BB18: 0 | BC18: 0 | BD18: 0 | BE18: 0 | BF18: 0 | BG18: 0 | BH18: 0 | BI18: 0 | BJ18: 0 | BK18: 4 | BL18: 0 | BM18: 0 | BN18: 0 | BO18: 0 | BP18: 0 | BQ18: 0 | BR18: 3772000 | BS18: 36942 | BT18: 1747400 | BU18: 2024600 | BV18: 0 | BW18: 0 | BX18: 0 | BY18: 0 | BZ18: 0 | CA18: 0 | CB18: 0 | CC18: 0 | CD18: 0 | CE18: 2 | CF18: 1 | CG18: 0 | CH18: 0 | CI18: 0 | CJ18: 4
B19: التقييم والدراسات | D19: =IF(E19="","",1+D18) | L19: =IF(M19="","",1+L18) | N19: =IF(L19="","",CONCATENATE(L19,". ",M19)) | S19: =IF(T19="","",1+S18) | U19: =IF(S19="","",CONCATENATE(S19,". ",T19)) | Z19: =IF(Y19="","",1+Z18) | AA19: =IF(Z19="","",CONCATENATE(Z19,". ",Y19)) | AH19: =IF(AG19="","",1+AH18) | AI19: =IF(AH19="","",CONCATENATE(AH19,". ",AG19)) | AU19: الحوكمة | AV19: الحوكمة | AW19: الشهر السابق | AX19: 1 | AY19: 1 | AZ19: 4 | BA19: 1 | BB19: 0 | BC19: 0 | BD19: 0 | BE19: 5 | BF19: 2 | BG19: 0 | BH19: 7 | BI19: 0 | BJ19: 0 | BK19: 1 | BL19: 0 | BM19: 0 | BN19: 40 | BO19: 36 | BP19: 3 | BQ19: 0 | BR19: 1000000 | BS19: 0 | BT19: 0 | BU19: 1000000 | BV19: 1 | BW19: 3 | BX19: 0 | BY19: 3 | BZ19: 4 | CA19: 1 | CB19: 3 | CC19: 0 | CD19: 7 | CE19: 0 | CF19: 1 | CG19: 0 | CH19: 0 | CI19: 0 | CJ19: 1
B20: التميز والخدمات الحكومية | D20: =IF(E20="","",1+D19) | L20: =IF(M20="","",1+L19) | N20: =IF(L20="","",CONCATENATE(L20,". ",M20)) | S20: =IF(T20="","",1+S19) | U20: =IF(S20="","",CONCATENATE(S20,". ",T20)) | Z20: =IF(Y20="","",1+Z19) | AA20: =IF(Z20="","",CONCATENATE(Z20,". ",Y20)) | AH20: =IF(AG20="","",1+AH19) | AI20: =IF(AH20="","",CONCATENATE(AH20,". ",AG20)) | AU20: الحوكمة | AV20: التشريعات الحكومية | AW20: الشهر السابق | AX20: 9 | AY20: 1 | AZ20: 0 | BA20: 0 | BB20: 0 | BC20: 0 | BD20: 0 | BE20: 0 | BF20: 0 | BG20: 0 | BH20: 0 | BI20: 0 | BJ20: 0 | BK20: 1 | BL20: 0 | BM20: 0 | BN20: 7 | BO20: 6 | BP20: 0 | BQ20: 1 | BR20: 26000 | BS20: 0 | BT20: 0 | BU20: 26000 | BV20: 0 | BW20: 0 | BX20: 0 | BY20: 0 | BZ20: 0 | CA20: 0 | CB20: 0 | CC20: 0 | CD20: 0 | CE20: 0 | CF20: 0 | CG20: 0 | CH20: 0 | CI20: 0 | CJ20: 1
B21: الاتصال الحكومي | D21: =IF(E21="","",1+D20) | L21: =IF(M21="","",1+L20) | N21: =IF(L21="","",CONCATENATE(L21,". ",M21)) | S21: =IF(T21="","",1+S20) | U21: =IF(S21="","",CONCATENATE(S21,". ",T21)) | Z21: =IF(Y21="","",1+Z20) | AA21: =IF(Z21="","",CONCATENATE(Z21,". ",Y21)) | AH21: =IF(AG21="","",1+AH20) | AI21: =IF(AH21="","",CONCATENATE(AH21,". ",AG21)) | AU21: الحوكمة | AV21: التنفيذ والأداء | AW21: الشهر السابق | AX21: 5 | AY21: 0.47708767 | AZ21: 0 | BA21: 0 | BB21: 0 | BC21: 0 | BD21: 0 | BE21: 0 | BF21: 0 | BG21: 0 | BH21: 0 | BI21: 0 | BJ21: 0 | BK21: 2 | BL21: 0 | BM21: 0 | BN21: 0 | BO21: 0 | BP21: 0 | BQ21: 0 | BR21: 3675000 | BS21: 562500 | BT21: 675000 | BU21: 3000000 | BV21: 0 | BW21: 0 | BX21: 0 | BY21: 0 | BZ21: 0 | CA21: 0 | CB21: 0 | CC21: 0 | CD21: 0 | CE21: 2 | CF21: 0 | CG21: 0 | CH21: 0 | CI21: 0 | CJ21: 2
B22: الاتصال الداخلي | D22: =IF(E22="","",1+D21) | L22: =IF(M22="","",1+L21) | N22: =IF(L22="","",CONCATENATE(L22,". ",M22)) | S22: =IF(T22="","",1+S21) | U22: =IF(S22="","",CONCATENATE(S22,". ",T22)) | Z22: =IF(Y22="","",1+Z21) | AA22: =IF(Z22="","",CONCATENATE(Z22,". ",Y22)) | AH22: =IF(AG22="","",1+AH21) | AI22: =IF(AH22="","",CONCATENATE(AH22,". ",AG22)) | AU22: الحوكمة | AW22: الشهر السابق | AX22: 0 | AZ22: 0 | BA22: 0 | BB22: 0 | BC22: 0 | BD22: 0 | BE22: 0 | BF22: 0 | BG22: 0 | BH22: 0 | BI22: 0 | BJ22: 0 | BK22: 2 | BL22: 0 | BM22: 0 | BN22: 0 | BO22: 0 | BP22: 0 | BQ22: 0 | BR22: 772000 | BS22: 36942 | BT22: 272000 | BU22: 500000 | BV22: 0 | BW22: 0 | BX22: 0 | BY22: 0 | BZ22: 0 | CA22: 0 | CB22: 0 | CC22: 0 | CD22: 0 | CE22: 2 | CF22: 0 | CG22: 0 | CH22: 0 | CI22: 0 | CJ22: 2
B23: الخدمات المؤسسية | D23: =IF(E23="","",1+D22) | L23: =IF(M23="","",1+L22) | N23: =IF(L23="","",CONCATENATE(L23,". ",M23)) | S23: =IF(T23="","",1+S22) | U23: =IF(S23="","",CONCATENATE(S23,". ",T23)) | Z23: =IF(Y23="","",1+Z22) | AA23: =IF(Z23="","",CONCATENATE(Z23,". ",Y23)) | AU23: الاتصال الحكومي وشؤون الأمانة العامة | AW23: الشهر السابق | AX23: 0 | AZ23: 0 | BA23: 0 | BB23: 0 | BC23: 0 | BD23: 0 | BE23: 0 | BF23: 0 | BG23: 0 | BH23: 0 | BI23: 0 | BJ23: 0 | BK23: 2 | BL23: 0 | BM23: 0 | BN23: 0 | BO23: 0 | BP23: 0 | BQ23: 0 | BR23: 772000 | BS23: 36942 | BT23: 772000 | BU23: 0 | BV23: 0 | BW23: 0 | BX23: 0 | BY23: 0 | BZ23: 0 | CA23: 0 | CB23: 0 | CC23: 0 | CD23: 0 | CE23: 2 | CF23: 0 | CG23: 0 | CH23: 0 | CI23: 0 | CJ23: 2
B24: تميز الموارد البشرية | AU24: الاتصال الحكومي وشؤون الأمانة العامة | AV24: الاتصال الحكومي | AW24: الشهر السابق | AX24: 4 | AY24: 1 | AZ24: 2 | BA24: 0 | BB24: 0 | BC24: 0 | BD24: 0 | BE24: 0 | BF24: 0 | BG24: 0 | BH24: 0 | BI24: 0 | BJ24: 0 | BK24: 10 | BL24: 0 | BM24: 0 | BN24: 2 | BO24: 2 | BP24: 0 | BQ24: 0 | BR24: 4685000 | BS24: 996084 | BT24: 2367459 | BU24: 2317542 | BV24: 0 | BW24: 2 | BX24: 0 | BY24: 2 | BZ24: 0 | CA24: 0 | CB24: 0 | CC24: 0 | CD24: 0 | CE24: 9 | CF24: 1 | CG24: 0 | CH24: 0 | CI24: 0 | CJ24: 10
B25: المشتريات والشؤون الإدارية | AU25: الاتصال الحكومي وشؤون الأمانة العامة | AV25: الخدمات المؤسسية | AW25: الشهر السابق | AX25: 0 | AZ25: 0 | BA25: 0 | BB25: 0 | BC25: 0 | BD25: 0 | BE25: 0 | BF25: 0 | BG25: 0 | BH25: 0 | BI25: 0 | BJ25: 0 | BK25: 1 | BL25: 0 | BM25: 0 | BN25: 1 | BO25: 1 | BP25: 0 | BQ25: 0 | BR25: 1479408 | BS25: 0 | BT25: 1479408 | BU25: 0 | BV25: 0 | BW25: 0 | BX25: 0 | BY25: 0 | BZ25: 0 | CA25: 0 | CB25: 0 | CC25: 0 | CD25: 0 | CE25: 1 | CF25: 0 | CG25: 0 | CH25: 0 | CI25: 0 | CJ25: 1
B26: تقنية المعلومات | AU26: الاتصال الحكومي وشؤون الأمانة العامة | AV26: تميز الموارد البشرية | AW26: الشهر السابق | AX26: 3 | AY26: 0.81590909 | AZ26: 0 | BA26: 0 | BB26: 0 | BC26: 0 | BD26: 0 | BE26: 0 | BF26: 0 | BG26: 0 | BH26: 0 | BI26: 0 | BJ26: 0 | BK26: 8 | BL26: 1 | BM26: 0 | BN26: 4 | BO26: 2 | BP26: 2 | BQ26: 0 | BR26: 4932092 | BS26: 1223232 | BT26: 1637165 | BU26: 3294927 | BV26: 0 | BW26: 0 | BX26: 0 | BY26: 0 | BZ26: 0 | CA26: 0 | CB26: 0 | CC26: 0 | CD26: 0 | CE26: 5 | CF26: 0 | CG26: 0 | CH26: 0 | CI26: 0 | CJ26: 8
B27: المالية والحسابات | AU27: الاتصال الحكومي وشؤون الأمانة العامة | AV27: المالية والحسابات | AW27: الشهر السابق | AX27: 1 | AY27: 0.255 | AZ27: 0 | BA27: 0 | BB27: 0 | BC27: 0 | BD27: 0 | BE27: 0 | BF27: 0 | BG27: 0 | BH27: 0 | BI27: 0 | BJ27: 0 | BK27: 0 | BL27: 0 | BM27: 0 | BN27: 0 | BO27: 0 | BP27: 0 | BQ27: 0 | BR27: 0 | BS27: 0 | BT27: 0 | BU27: 0 | BV27: 0 | BW27: 0 | BX27: 0 | BY27: 0 | BZ27: 0 | CA27: 0 | CB27: 0 | CC27: 0 | CD27: 0 | CE27: 0 | CF27: 0 | CG27: 0 | CH27: 0 | CI27: 0 | CJ27: 0
B28: المراسلات والأرشفة | AU28: الاتصال الحكومي وشؤون الأمانة العامة | AV28: المشتريات والشؤون الإدارية | AW28: الشهر السابق | AX28: 1 | AY28: 0.94 | AZ28: 0 | BA28: 0 | BB28: 0 | BC28: 0 | BD28: 0 | BE28: 0 | BF28: 0 | BG28: 0 | BH28: 0 | BI28: 0 | BJ28: 0 | BK28: 2 | BL28: 1 | BM28: 0 | BN28: 0 | BO28: 0 | BP28: 0 | BQ28: 0 | BR28: 350000 | BS28: 75857 | BT28: 75857 | BU28: 274143 | BV28: 0 | BW28: 0 | BX28: 0 | BY28: 0 | BZ28: 0 | CA28: 0 | CB28: 0 | CC28: 0 | CD28: 0 | CE28: 0 | CF28: 0 | CG28: 0 | CH28: 0 | CI28: 0 | CJ28: 2
B29: تنفيذ ومتابعة المشاريع الميدانية | AU29: الاتصال الحكومي وشؤون الأمانة العامة | AV29: تقنية المعلومات | AW29: الشهر السابق | AX29: 0 | AZ29: 2 | BA29: 0 | BB29: 0 | BC29: 1 | BD29: 0 | BE29: 0 | BF29: 0 | BG29: 0 | BH29: 0 | BI29: 0 | BJ29: 0 | BK29: 8 | BL29: 1 | BM29: 0 | BN29: 0 | BO29: 0 | BP29: 0 | BQ29: 0 | BR29: 4000000 | BS29: 194300 | BT29: 329300 | BU29: 3670700 | BV29: 0 | BW29: 2 | BX29: 0 | BY29: 1 | BZ29: 0 | CA29: 0 | CB29: 0 | CC29: 0 | CD29: 0 | CE29: 5 | CF29: 0 | CG29: 0 | CH29: 0 | CI29: 0 | CJ29: 8
AU30: الاتصال الحكومي وشؤون الأمانة العامة | AV30: المراسلات والأرشفة | AW30: الشهر السابق | AX30: 1 | AY30: 0.25 | AZ30: 0 | BA30: 0 | BB30: 0 | BC30: 0 | BD30: 0 | BE30: 0 | BF30: 0 | BG30: 0 | BH30: 0 | BI30: 0 | BJ30: 0 | BK30: 0 | BL30: 0 | BM30: 0 | BN30: 0 | BO30: 0 | BP30: 0 | BQ30: 0 | BR30: 0 | BS30: 0 | BT30: 0 | BU30: 0 | BV30: 0 | BW30: 0 | BX30: 0 | BY30: 0 | BZ30: 0 | CA30: 0 | CB30: 0 | CC30: 0 | CD30: 0 | CE30: 0 | CF30: 0 | CG30: 0 | CH30: 0 | CI30: 0 | CJ30: 0
AU31: الاتصال الحكومي وشؤون الأمانة العامة | AV31: تنفيذ ومتابعة المشاريع الميدانية | AW31: الشهر السابق | AX31: 0 | AZ31: 2 | BA31: 0 | BB31: 0 | BC31: 0 | BD31: 0 | BE31: 0 | BF31: 0 | BG31: 0 | BH31: 0 | BI31: 0 | BJ31: 0 | BK31: 0 | BL31: 0 | BM31: 0 | BN31: 0 | BO31: 0 | BP31: 0 | BQ31: 0 | BR31: 0 | BS31: 0 | BT31: 0 | BU31: 0 | BV31: 0 | BW31: 2 | BX31: 0 | BY31: 2 | BZ31: 0 | CA31: 0 | CB31: 0 | CC31: 0 | CD31: 0 | CE31: 0 | CF31: 0 | CG31: 0 | CH31: 0 | CI31: 0 | CJ31: 0
AU35: Copy towards upper report
AU36: القطاع | AV36: الوحدة التنظيمية | AW36: الحالة | AX36: المؤشرات_المقاسة | AY36: متوسط_النتائج | AZ36: الخاصة_المجموع | BA36: سموه_منجز | BB36: سموه_متأخر | BC36: الخاصة_منجز | BD36: الخاصة_متأخر | BE36: الأجندة_المجموع | BF36: الأجندة_منجز | BG36: الأجندة_متأخر | BH36: القرارات_المجموع | BI36: القرارات_منجز | BJ36: القرارات_متأخر | BK36: مشاريع_الأمانة_المجموع | BL36: مشاريع_الأمانة_منجز | BM36: مشاريع_الأمانة_متأخر | BN36: التشريعات_المجموع | BO36: التشريعات_منجز | BP36: التشريعات_تجاوز الموعد | BQ36: التشريعات_متأخر | BR36: الموازنة المعتمدة | BS36: المنفق الفعلي | BT36: المخصص | BU36: غير المخصص | BV36: سموه_المجموع | BW36: الخاصة_المجموع_للأمانة | BX36: سموه_قيد_العمل | BY36: الخاصة_قيد_العمل | BZ36: الأجندة_الأصلية | CA36: الأجندة_مستجد | CB36: الأجندة_قيد_العمل | CC36: الأجندة_جاهز_للعرض | CD36: القرارات_قيد_العمل | CE36: مشاريع_الأمانة_قيد_العمل | CF36: مشاريع_الأمانة_ملغي_معلق | CG36: مشاريع_الأمانة_Q1 | CH36: مشاريع_الأمانة_Q2 | CI36: مشاريع_الأمانة_Q3 | CJ36: مشاريع_الأمانة_Q4
AW37: الشهر الحالي | AX37: {=SUMPRODUCT( $AX$40:$AX$66* IF($A$3="",1,--($AU$40:$AU$66=$A$3))* IF($B$3="",1,--($AV$40:$AV$66=$B$3)) )} | AY37: {=IFERROR( _xlfn.LET( _xlpm.weights,$AX$40:$AX$66, _xlpm.results,$AY$40:$AY$66, _xlpm.sectors,$AU$40:$AU$66, _xlpm.units,$AV$40:$AV$66, _xlpm.include, ISNUMBER(_xlpm.results)* (_xlpm.weights>0)* IF($A$3="",1,--(_xlpm.sectors=$A$3))* IF($B$3="",1,--(_xlpm.units=$B$3)), _xlpm.selectedWeights,_xlfn._xlws.FILTER(_xlpm.weights,_xlpm.include), _xlpm.selectedResults,_xlfn._xlws.FILTER(_xlpm.results,_xlpm.include), SUMPRODUCT(_xlpm.selectedWeights,_xlpm.selectedResults)/ SUM(_xlpm.selectedWeights) ), "" )} | AZ37: {=SUMPRODUCT( AZ$40:AZ$66* IF($A$3="",1,--($AU$40:$AU$66=$A$3))* IF($B$3="",1,--($AV$40:$AV$66=$B$3)) )} | BA37: {=SUMPRODUCT( BA$40:BA$66* IF($A$3="",1,--($AU$40:$AU$66=$A$3))* IF($B$3="",1,--($AV$40:$AV$66=$B$3)) )} | BB37: {=SUMPRODUCT( BB$40:BB$66* IF($A$3="",1,--($AU$40:$AU$66=$A$3))* IF($B$3="",1,--($AV$40:$AV$66=$B$3)) )} | BC37: {=SUMPRODUCT( BC$40:BC$66* IF($A$3="",1,--($AU$40:$AU$66=$A$3))* IF($B$3="",1,--($AV$40:$AV$66=$B$3)) )} | BD37: {=SUMPRODUCT( BD$40:BD$66* IF($A$3="",1,--($AU$40:$AU$66=$A$3))* IF($B$3="",1,--($AV$40:$AV$66=$B$3)) )} | BE37: {=SUMPRODUCT( BE$40:BE$66* IF($A$3="",1,--($AU$40:$AU$66=$A$3))* IF($B$3="",1,--($AV$40:$AV$66=$B$3)) )} | BF37: {=SUMPRODUCT( BF$40:BF$66* IF($A$3="",1,--($AU$40:$AU$66=$A$3))* IF($B$3="",1,--($AV$40:$AV$66=$B$3)) )} | BG37: {=SUMPRODUCT( BG$40:BG$66* IF($A$3="",1,--($AU$40:$AU$66=$A$3))* IF($B$3="",1,--($AV$40:$AV$66=$B$3)) )} | ... CJ37: {=SUMPRODUCT( CJ$40:CJ$66* IF($A$3="",1,--($AU$40:$AU$66=$A$3))* IF($B$3="",1,--($AV$40:$AV$66=$B$3)) )}
AW38: الشهر الحالي | AX38: =$AX$3 | AY38: =$AR$3 | AZ38: =$Y$3 | BA38: =$AA$3 | BB38: =$AB$3 | BC38: =$AD$3 | BD38: =$AE$3 | BE38: =$D$3 | BF38: =$I$3 | BG38: =$J$3 | BH38: =$L$3 | BI38: =$N$3 | BJ38: =$O$3 | BK38: =$AG$3 | BL38: =$AJ$3 | BM38: =$AK$3 | BN38: =$S$3 | BO38: =$U$3 | BP38: =$V$3 | BQ38: =$W$3 | BR38: =$AG$6 | BS38: =$AH$6 | BT38: =$AI$6 | BU38: =$AJ$6 | BV38: =$Z$3 | BW38: =$AC$3 | BX38: =BX3 | BY38: =BY3 | BZ38: =$E$3 | CA38: =$F$3 | CB38: =$H$3 | CC38: =$G$3 | CD38: =$M$3 | CE38: =$AH$3 | CF38: =$AI$3 | CG38: =$AL$3 | CH38: =$AM$3 | CI38: =$AN$3 | CJ38: =$AO$3
AW39: التغيير | AX39: =IF(COUNT(AX37:AX38)<2,"",IF(AX38=AX37,"",IF(AX38>AX37,"▲ +","▼ -")&TEXT(ABS(AX38-AX37),"#,##0"))) | AY39: =IF(OR(AY37="",AY38=""),"",IF(ABS(AY38-AY37)<0.0005,"",IF(AY38>AY37,"▲ +","▼ -")&TEXT(ABS(AY38-AY37)*100,"0.0")&" نقطة مئوية")) | AZ39: =IF(COUNT(AZ37:AZ38)<2,"",IF(AZ38=AZ37,"",IF(AZ38>AZ37,"▲ +","▼ -")&TEXT(ABS(AZ38-AZ37),"#,##0"))) | BA39: =IF(COUNT(BA37:BA38)<2,"",IF(BA38=BA37,"",IF(BA38>BA37,"▲ +","▼ -")&TEXT(ABS(BA38-BA37),"#,##0"))) | BB39: =IF(COUNT(BB37:BB38)<2,"",IF(BB38=BB37,"",IF(BB38>BB37,"▲ +","▼ -")&TEXT(ABS(BB38-BB37),"#,##0"))) | BC39: =IF(COUNT(BC37:BC38)<2,"",IF(BC38=BC37,"",IF(BC38>BC37,"▲ +","▼ -")&TEXT(ABS(BC38-BC37),"#,##0"))) | BD39: =IF(COUNT(BD37:BD38)<2,"",IF(BD38=BD37,"",IF(BD38>BD37,"▲ +","▼ -")&TEXT(ABS(BD38-BD37),"#,##0"))) | BE39: =IF(COUNT(BE37:BE38)<2,"",IF(BE38=BE37,"",IF(BE38>BE37,"▲ +","▼ -")&TEXT(ABS(BE38-BE37),"#,##0"))) | BF39: =IF(COUNT(BF37:BF38)<2,"",IF(BF38=BF37,"",IF(BF38>BF37,"▲ +","▼ -")&TEXT(ABS(BF38-BF37),"#,##0"))) | BG39: =IF(COUNT(BG37:BG38)<2,"",IF(BG38=BG37,"",IF(BG38>BG37,"▲ +","▼ -")&TEXT(ABS(BG38-BG37),"#,##0"))) | ... BQ39: =IF(COUNT(BQ37:BQ38)<2,"",IF(BQ38=BQ37,"",IF(BQ38>BQ37,"▲ +","▼ -")&TEXT(ABS(BQ38-BQ37),"#,##0"))) | BR39: =IF(COUNT(BR37:BR38)<2,"",IF(BR38=BR37,"",IF(BR38>BR37,"+ ▲","- ▼"))) | BS39: =IF(COUNT(BS37:BS38)<2,"",IF(BS38=BS37,"",IF(BS38>BS37,"+ ▲","- ▼"))) | BT39: =IF(COUNT(BT37:BT38)<2,"",IF(BT38=BT37,"",IF(BT38>BT37,"+ ▲","- ▼"))) | BU39: =IF(COUNT(BU37:BU38)<2,"",IF(BU38=BU37,"",IF(BU38>BU37,"+ ▲","- ▼"))) | BV39: =IF(COUNT(BV37:BV38)<2,"",IF(BV38=BV37,"",IF(BV38>BV37,"▲ +","▼ -")&TEXT(ABS(BV38-BV37),"#,##0"))) | BW39: =IF(COUNT(BW37:BW38)<2,"",IF(BW38=BW37,"",IF(BW38>BW37,"▲ +","▼ -")&TEXT(ABS(BW38-BW37),"#,##0"))) | BX39: =IF(COUNT(BX37:BX38)<2,"",IF(BX38=BX37,"",IF(BX38>BX37,"▲ +","▼ -")&TEXT(ABS(BX38-BX37),"#,##0"))) | BY39: =IF(COUNT(BY37:BY38)<2,"",IF(BY38=BY37,"",IF(BY38>BY37,"▲ +","▼ -")&TEXT(ABS(BY38-BY37),"#,##0"))) | BZ39: =IF(COUNT(BZ37:BZ38)<2,"",IF(BZ38=BZ37,"",IF(BZ38>BZ37,"▲ +","▼ -")&TEXT(ABS(BZ38-BZ37),"#,##0"))) | CA39: =IF(COUNT(CA37:CA38)<2,"",IF(CA38=CA37,"",IF(CA38>CA37,"▲ +","▼ -")&TEXT(ABS(CA38-CA37),"#,##0"))) | CB39: =IF(COUNT(CB37:CB38)<2,"",IF(CB38=CB37,"",IF(CB38>CB37,"▲ +","▼ -")&TEXT(ABS(CB38-CB37),"#,##0"))) | CC39: =IF(COUNT(CC37:CC38)<2,"",IF(CC38=CC37,"",IF(CC38>CC37,"▲ +","▼ -")&TEXT(ABS(CC38-CC37),"#,##0"))) | ... CJ39: =IF(COUNT(CJ37:CJ38)<2,"",IF(CJ38=CJ37,"",IF(CJ38>CJ37,"▲ +","▼ -")&TEXT(ABS(CJ38-CJ37),"#,##0")))
AU40: الأمانة العامة للمجلس التنفيذي | AV40: مكتب الأمين العام | AW40: الشهر الحالي | AX40: {=_xlfn.LET( _xlpm.results,Strategy[[نتيجة العام ]], SUMPRODUCT( --(Strategy[المؤشر]<>"")* --ISNUMBER(_xlpm.results)* --(_xlpm.results<>0)* --(Strategy[القطاع]=($AU40&""))* --(Strategy[الإدارة]=($AV40&"")) ) )} | AY40: =IFERROR( AVERAGEIFS( Strategy[[نتيجة العام ]], Strategy[المؤشر],"<>", Strategy[[نتيجة العام ]],"<>0", Strategy[القطاع],$AU40&"", Strategy[الإدارة],$AV40&"" ), "" ) | AZ40: =COUNTIFS(Special[اسم المشروع],"<>",Special[القطاع],$AU40&"",Special[[الإدارة ]],$AV40&"") | BA40: =COUNTIFS(Special[مستوى الإنجاز],"منجز",Special[مشاريع سموه],"نعم",Special[القطاع],$AU40&"",Special[[الإدارة ]],$AV40&"") | BB40: =COUNTIFS(Special[مستوى الإنجاز],"متأخر",Special[مشاريع سموه],"نعم",Special[القطاع],$AU40&"",Special[[الإدارة ]],$AV40&"") | BC40: =COUNTIFS(Special[مستوى الإنجاز],"منجز",Special[مشاريع سموه],"لا",Special[القطاع],$AU40&"",Special[[الإدارة ]],$AV40&"") | BD40: =COUNTIFS(Special[مستوى الإنجاز],"متأخر",Special[مشاريع سموه],"لا",Special[القطاع],$AU40&"",Special[[الإدارة ]],$AV40&"") | BE40: =COUNTIFS(ECSAC[[الموضوع ]],"<>",ECSAC[القطاع],$AU40&"",ECSAC[الإدارة],$AV40&"") | BF40: =COUNTIFS(ECSAC[مستوى الإنجاز],"منجز",ECSAC[القطاع],$AU40&"",ECSAC[الإدارة],$AV40&"") | BG40: =COUNTIFS(ECSAC[مستوى الإنجاز],"متأخر",ECSAC[القطاع],$AU40&"",ECSAC[الإدارة],$AV40&"") | BH40: {=_xlfn.LET( _xlpm.topic,IFERROR(Resolutions[الموضوع],""), _xlpm.followup,TRIM(SUBSTITUTE(IFERROR(Resolutions[متطلبات المتابعة],""),CHAR(160)," ")), _xlpm.sector,TRIM(SUBSTITUTE(IFERROR(Resolutions[القطاع],""),CHAR(160)," ")), _xlpm.dept,TRIM(SUBSTITUTE(IFERROR(Resolutions[الإدارة],""),CHAR(160)," ")), SUMPRODUCT( --(_xlpm.topic<>""), --(((_xlpm.followup="رسالة رسمية")+(_xlpm.followup="بريد من الوحدة التنظيمية"))>0), --(_xlpm.sector=TRIM(SUBSTITUTE($AU40,CHAR(160)," "))), --(_xlpm.dept=TRIM(SUBSTITUTE($AV40,CHAR(160)," "))) ) )} | BI40: {=_xlfn.LET( _xlpm.topic,IFERROR(Resolutions[الموضوع],""), _xlpm.followup,TRIM(SUBSTITUTE(IFERROR(Resolutions[متطلبات المتابعة],""),CHAR(160)," ")), _xlpm.itemStatus,TRIM(SUBSTITUTE(IFERROR(Resolutions[مستوى الإنجاز],""),CHAR(160)," ")), _xlpm.sector,TRIM(SUBSTITUTE(IFERROR(Resolutions[القطاع],""),CHAR(160)," ")), _xlpm.dept,TRIM(SUBSTITUTE(IFERROR(Resolutions[الإدارة],""),CHAR(160)," ")), SUMPRODUCT( --(_xlpm.topic<>""), --(((_xlpm.followup="رسالة رسمية")+(_xlpm.followup="بريد من الوحدة التنظيمية"))>0), --(_xlpm.itemStatus="منجز"), --(_xlpm.sector=TRIM(SUBSTITUTE($AU40,CHAR(160)," "))), --(_xlpm.dept=TRIM(SUBSTITUTE($AV40,CHAR(160)," "))) ) )} | BJ40: {=_xlfn.LET( _xlpm.topic,IFERROR(Resolutions[الموضوع],""), _xlpm.followup,TRIM(SUBSTITUTE(IFERROR(Resolutions[متطلبات المتابعة],""),CHAR(160)," ")), _xlpm.itemStatus,TRIM(SUBSTITUTE(IFERROR(Resolutions[مستوى الإنجاز],""),CHAR(160)," ")), _xlpm.sector,TRIM(SUBSTITUTE(IFERROR(Resolutions[القطاع],""),CHAR(160)," ")), _xlpm.dept,TRIM(SUBSTITUTE(IFERROR(Resolutions[الإدارة],""),CHAR(160)," ")), SUMPRODUCT( --(_xlpm.topic<>""), --(((_xlpm.followup="رسالة رسمية")+(_xlpm.followup="بريد من الوحدة التنظيمية"))>0), --(_xlpm.itemStatus="متأخر"), --(_xlpm.sector=TRIM(SUBSTITUTE($AU40,CHAR(160)," "))), --(_xlpm.dept=TRIM(SUBSTITUTE($AV40,CHAR(160)," "))) ) )} | BK40: =COUNTIFS(Projects[اسم المشروع],"<>",Projects[القطاع],$AU40&"",Projects[[الإدارة ]],$AV40&"") | BL40: =COUNTIFS(Projects[مستوى الإنجاز],"Completed",Projects[القطاع],$AU40&"",Projects[[الإدارة ]],$AV40&"") | BM40: =COUNTIFS(Projects[Late KPI],"Late",Projects[القطاع],$AU40&"",Projects[[الإدارة ]],$AV40&"") | BN40: =COUNTIFS(Legislations[[عنوان التشريع ]],"<>",Legislations[القطاع],$AU40&"",Legislations[الإدارة],$AV40&"") | BO40: =COUNTIFS(Legislations[مؤشرات الأداء],"في الموعد",Legislations[تجاوز الموعد],"<>متأخر",Legislations[القطاع],$AU40&"",Legislations[الإدارة],$AV40&"") | BP40: =COUNTIFS(Legislations[مؤشرات الأداء],"في الموعد",Legislations[تجاوز الموعد],"متأخر",Legislations[القطاع],$AU40&"",Legislations[الإدارة],$AV40&"") | BQ40: =COUNTIFS(Legislations[Late KPI],"متأخر",Legislations[القطاع],$AU40&"",Legislations[الإدارة],$AV40&"") | BR40: {=SUMPRODUCT(IFERROR(--Projects[الموازنة المعتمدة الجديدة],0),--(Projects[القطاع]=$AU40),--(Projects[[الإدارة ]]=$AV40))} | BS40: {=SUMPRODUCT(IFERROR(--Projects[المنفق الفعلي],0),--(Projects[القطاع]=$AU40),--(Projects[[الإدارة ]]=$AV40))} | BT40: {=SUMPRODUCT(IFERROR(--Projects[المخصص],0),--(Projects[القطاع]=$AU40),--(Projects[[الإدارة ]]=$AV40))} | BU40: {=SUMPRODUCT(IFERROR(--Projects[غير المخصص],0),--(Projects[القطاع]=$AU40),--(Projects[[الإدارة ]]=$AV40))} | BV40: =COUNTIFS(Special[اسم المشروع],"<>",Special[مشاريع سموه],"نعم",Special[القطاع],$AU40,Special[[الإدارة ]],$AV40&"") | BW40: =COUNTIFS(Special[اسم المشروع],"<>",Special[مشاريع سموه],"لا",Special[القطاع],$AU40,Special[[الإدارة ]],$AV40&"") | BX40: =BV40-BA40-BB40 | BY40: =BW40-BC40-BD40 | BZ40: =COUNTIFS(ECSAC[[الموضوع ]],"<>",ECSAC[تصنيف الموضوع],"الأجندة السنوية",ECSAC[القطاع],$AU40,ECSAC[الإدارة],$AV40&"") | CA40: =COUNTIFS(ECSAC[[الموضوع ]],"<>",ECSAC[تصنيف الموضوع],"مستجد",ECSAC[القطاع],$AU40,ECSAC[الإدارة],$AV40&"") | CB40: =COUNTIFS(ECSAC[مستوى الإنجاز],"قيد التطوير",ECSAC[القطاع],$AU40,ECSAC[الإدارة],$AV40&"")+COUNTIFS(ECSAC[مستوى الإنجاز],"قيد المراجعة",ECSAC[القطاع],$AU40,ECSAC[الإدارة],$AV40&"") | CC40: =COUNTIFS(ECSAC[مستوى الإنجاز],"جاهز للعرض",ECSAC[القطاع],$AU40,ECSAC[الإدارة],$AV40&"") | CD40: {=_xlfn.LET( _xlpm.topic,IFERROR(Resolutions[الموضوع],""), _xlpm.followup,TRIM(SUBSTITUTE(IFERROR(Resolutions[متطلبات المتابعة],""),CHAR(160)," ")), _xlpm.itemStatus,TRIM(SUBSTITUTE(IFERROR(Resolutions[مستوى الإنجاز],""),CHAR(160)," ")), _xlpm.sector,TRIM(SUBSTITUTE(IFERROR(Resolutions[القطاع],""),CHAR(160)," ")), _xlpm.dept,TRIM(SUBSTITUTE(IFERROR(Resolutions[الإدارة],""),CHAR(160)," ")), SUMPRODUCT( --(_xlpm.topic<>""), --(((_xlpm.followup="رسالة رسمية")+(_xlpm.followup="بريد من الوحدة التنظيمية"))>0), --(((_xlpm.itemStatus="قيد التطوير")+(_xlpm.itemStatus="قيد المراجعة"))>0), --(_xlpm.sector=TRIM(SUBSTITUTE($AU40,CHAR(160)," "))), --(_xlpm.dept=TRIM(SUBSTITUTE($AV40,CHAR(160)," "))) ) )} | CE40: =COUNTIFS(Projects[مستوى الإنجاز],"Active",Projects[القطاع],$AU40,Projects[[الإدارة ]],$AV40&"") | CF40: =COUNTIFS(Projects[مستوى الإنجاز],"Cancelled",Projects[القطاع],$AU40,Projects[[الإدارة ]],$AV40&"")+COUNTIFS(Projects[مستوى الإنجاز],"Frozen",Projects[القطاع],$AU40,Projects[[الإدارة ]],$AV40&"") | CG40: =COUNTIFS(Projects[الربع],"Q1",Projects[القطاع],$AU40,Projects[[الإدارة ]],$AV40&"") | CH40: =COUNTIFS(Projects[الربع],"Q2",Projects[القطاع],$AU40,Projects[[الإدارة ]],$AV40&"") | CI40: =COUNTIFS(Projects[الربع],"Q3",Projects[القطاع],$AU40,Projects[[الإدارة ]],$AV40&"") | CJ40: =COUNTIFS(Projects[الربع],"Q4",Projects[القطاع],$AU40,Projects[[الإدارة ]],$AV40&"")
AU41: الأمانة العامة للمجلس التنفيذي | AV41: مكتب خطة دبي | AW41: الشهر الحالي | AX41: {=_xlfn.LET( _xlpm.results,Strategy[[نتيجة العام ]], SUMPRODUCT( --(Strategy[المؤشر]<>"")* --ISNUMBER(_xlpm.results)* --(_xlpm.results<>0)* --(Strategy[القطاع]=($AU41&""))* --(Strategy[الإدارة]=($AV41&"")) ) )} | AY41: =IFERROR( AVERAGEIFS( Strategy[[نتيجة العام ]], Strategy[المؤشر],"<>", Strategy[[نتيجة العام ]],"<>0", Strategy[القطاع],$AU41&"", Strategy[الإدارة],$AV41&"" ), "" ) | AZ41: =COUNTIFS(Special[اسم المشروع],"<>",Special[القطاع],$AU41&"",Special[[الإدارة ]],$AV41&"") | BA41: =COUNTIFS(Special[مستوى الإنجاز],"منجز",Special[مشاريع سموه],"نعم",Special[القطاع],$AU41&"",Special[[الإدارة ]],$AV41&"") | BB41: =COUNTIFS(Special[مستوى الإنجاز],"متأخر",Special[مشاريع سموه],"نعم",Special[القطاع],$AU41&"",Special[[الإدارة ]],$AV41&"") | BC41: =COUNTIFS(Special[مستوى الإنجاز],"منجز",Special[مشاريع سموه],"لا",Special[القطاع],$AU41&"",Special[[الإدارة ]],$AV41&"") | BD41: =COUNTIFS(Special[مستوى الإنجاز],"متأخر",Special[مشاريع سموه],"لا",Special[القطاع],$AU41&"",Special[[الإدارة ]],$AV41&"") | BE41: =COUNTIFS(ECSAC[[الموضوع ]],"<>",ECSAC[القطاع],$AU41&"",ECSAC[الإدارة],$AV41&"") | BF41: =COUNTIFS(ECSAC[مستوى الإنجاز],"منجز",ECSAC[القطاع],$AU41&"",ECSAC[الإدارة],$AV41&"") | BG41: =COUNTIFS(ECSAC[مستوى الإنجاز],"متأخر",ECSAC[القطاع],$AU41&"",ECSAC[الإدارة],$AV41&"") | BH41: {=_xlfn.LET( _xlpm.topic,IFERROR(Resolutions[الموضوع],""), _xlpm.followup,TRIM(SUBSTITUTE(IFERROR(Resolutions[متطلبات المتابعة],""),CHAR(160)," ")), _xlpm.sector,TRIM(SUBSTITUTE(IFERROR(Resolutions[القطاع],""),CHAR(160)," ")), _xlpm.dept,TRIM(SUBSTITUTE(IFERROR(Resolutions[الإدارة],""),CHAR(160)," ")), SUMPRODUCT( --(_xlpm.topic<>""), --(((_xlpm.followup="رسالة رسمية")+(_xlpm.followup="بريد من الوحدة التنظيمية"))>0), --(_xlpm.sector=TRIM(SUBSTITUTE($AU41,CHAR(160)," "))), --(_xlpm.dept=TRIM(SUBSTITUTE($AV41,CHAR(160)," "))) ) )} | BI41: {=_xlfn.LET( _xlpm.topic,IFERROR(Resolutions[الموضوع],""), _xlpm.followup,TRIM(SUBSTITUTE(IFERROR(Resolutions[متطلبات المتابعة],""),CHAR(160)," ")), _xlpm.itemStatus,TRIM(SUBSTITUTE(IFERROR(Resolutions[مستوى الإنجاز],""),CHAR(160)," ")), _xlpm.sector,TRIM(SUBSTITUTE(IFERROR(Resolutions[القطاع],""),CHAR(160)," ")), _xlpm.dept,TRIM(SUBSTITUTE(IFERROR(Resolutions[الإدارة],""),CHAR(160)," ")), SUMPRODUCT( --(_xlpm.topic<>""), --(((_xlpm.followup="رسالة رسمية")+(_xlpm.followup="بريد من الوحدة التنظيمية"))>0), --(_xlpm.itemStatus="منجز"), --(_xlpm.sector=TRIM(SUBSTITUTE($AU41,CHAR(160)," "))), --(_xlpm.dept=TRIM(SUBSTITUTE($AV41,CHAR(160)," "))) ) )} | BJ41: {=_xlfn.LET( _xlpm.topic,IFERROR(Resolutions[الموضوع],""), _xlpm.followup,TRIM(SUBSTITUTE(IFERROR(Resolutions[متطلبات المتابعة],""),CHAR(160)," ")), _xlpm.itemStatus,TRIM(SUBSTITUTE(IFERROR(Resolutions[مستوى الإنجاز],""),CHAR(160)," ")), _xlpm.sector,TRIM(SUBSTITUTE(IFERROR(Resolutions[القطاع],""),CHAR(160)," ")), _xlpm.dept,TRIM(SUBSTITUTE(IFERROR(Resolutions[الإدارة],""),CHAR(160)," ")), SUMPRODUCT( --(_xlpm.topic<>""), --(((_xlpm.followup="رسالة رسمية")+(_xlpm.followup="بريد من الوحدة التنظيمية"))>0), --(_xlpm.itemStatus="متأخر"), --(_xlpm.sector=TRIM(SUBSTITUTE($AU41,CHAR(160)," "))), --(_xlpm.dept=TRIM(SUBSTITUTE($AV41,CHAR(160)," "))) ) )} | BK41: =COUNTIFS(Projects[اسم المشروع],"<>",Projects[القطاع],$AU41&"",Projects[[الإدارة ]],$AV41&"") | BL41: =COUNTIFS(Projects[مستوى الإنجاز],"Completed",Projects[القطاع],$AU41&"",Projects[[الإدارة ]],$AV41&"") | BM41: =COUNTIFS(Projects[Late KPI],"Late",Projects[القطاع],$AU41&"",Projects[[الإدارة ]],$AV41&"") | BN41: =COUNTIFS(Legislations[[عنوان التشريع ]],"<>",Legislations[القطاع],$AU41&"",Legislations[الإدارة],$AV41&"") | BO41: =COUNTIFS(Legislations[مؤشرات الأداء],"في الموعد",Legislations[تجاوز الموعد],"<>متأخر",Legislations[القطاع],$AU41&"",Legislations[الإدارة],$AV41&"") | BP41: =COUNTIFS(Legislations[مؤشرات الأداء],"في الموعد",Legislations[تجاوز الموعد],"متأخر",Legislations[القطاع],$AU41&"",Legislations[الإدارة],$AV41&"") | BQ41: =COUNTIFS(Legislations[Late KPI],"متأخر",Legislations[القطاع],$AU41&"",Legislations[الإدارة],$AV41&"") | BR41: {=SUMPRODUCT(IFERROR(--Projects[الموازنة المعتمدة الجديدة],0),--(Projects[القطاع]=$AU41),--(Projects[[الإدارة ]]=$AV41))} | BS41: {=SUMPRODUCT(IFERROR(--Projects[المنفق الفعلي],0),--(Projects[القطاع]=$AU41),--(Projects[[الإدارة ]]=$AV41))} | BT41: {=SUMPRODUCT(IFERROR(--Projects[المخصص],0),--(Projects[القطاع]=$AU41),--(Projects[[الإدارة ]]=$AV41))} | BU41: {=SUMPRODUCT(IFERROR(--Projects[غير المخصص],0),--(Projects[القطاع]=$AU41),--(Projects[[الإدارة ]]=$AV41))} | BV41: =COUNTIFS(Special[اسم المشروع],"<>",Special[مشاريع سموه],"نعم",Special[القطاع],$AU41,Special[[الإدارة ]],$AV41&"") | BW41: =COUNTIFS(Special[اسم المشروع],"<>",Special[مشاريع سموه],"لا",Special[القطاع],$AU41,Special[[الإدارة ]],$AV41&"") | BX41: =BV41-BA41-BB41 | BY41: =BW41-BC41-BD41 | BZ41: =COUNTIFS(ECSAC[[الموضوع ]],"<>",ECSAC[تصنيف الموضوع],"الأجندة السنوية",ECSAC[القطاع],$AU41,ECSAC[الإدارة],$AV41&"") | CA41: =COUNTIFS(ECSAC[[الموضوع ]],"<>",ECSAC[تصنيف الموضوع],"مستجد",ECSAC[القطاع],$AU41,ECSAC[الإدارة],$AV41&"") | CB41: =COUNTIFS(ECSAC[مستوى الإنجاز],"قيد التطوير",ECSAC[القطاع],$AU41,ECSAC[الإدارة],$AV41&"")+COUNTIFS(ECSAC[مستوى الإنجاز],"قيد المراجعة",ECSAC[القطاع],$AU41,ECSAC[الإدارة],$AV41&"") | CC41: =COUNTIFS(ECSAC[مستوى الإنجاز],"جاهز للعرض",ECSAC[القطاع],$AU41,ECSAC[الإدارة],$AV41&"") | CD41: {=_xlfn.LET( _xlpm.topic,IFERROR(Resolutions[الموضوع],""), _xlpm.followup,TRIM(SUBSTITUTE(IFERROR(Resolutions[متطلبات المتابعة],""),CHAR(160)," ")), _xlpm.itemStatus,TRIM(SUBSTITUTE(IFERROR(Resolutions[مستوى الإنجاز],""),CHAR(160)," ")), _xlpm.sector,TRIM(SUBSTITUTE(IFERROR(Resolutions[القطاع],""),CHAR(160)," ")), _xlpm.dept,TRIM(SUBSTITUTE(IFERROR(Resolutions[الإدارة],""),CHAR(160)," ")), SUMPRODUCT( --(_xlpm.topic<>""), --(((_xlpm.followup="رسالة رسمية")+(_xlpm.followup="بريد من الوحدة التنظيمية"))>0), --(((_xlpm.itemStatus="قيد التطوير")+(_xlpm.itemStatus="قيد المراجعة"))>0), --(_xlpm.sector=TRIM(SUBSTITUTE($AU41,CHAR(160)," "))), --(_xlpm.dept=TRIM(SUBSTITUTE($AV41,CHAR(160)," "))) ) )} | CE41: =COUNTIFS(Projects[مستوى الإنجاز],"Active",Projects[القطاع],$AU41,Projects[[الإدارة ]],$AV41&"") | CF41: =COUNTIFS(Projects[مستوى الإنجاز],"Cancelled",Projects[القطاع],$AU41,Projects[[الإدارة ]],$AV41&"")+COUNTIFS(Projects[مستوى الإنجاز],"Frozen",Projects[القطاع],$AU41,Projects[[الإدارة ]],$AV41&"") | CG41: =COUNTIFS(Projects[الربع],"Q1",Projects[القطاع],$AU41,Projects[[الإدارة ]],$AV41&"") | CH41: =COUNTIFS(Projects[الربع],"Q2",Projects[القطاع],$AU41,Projects[[الإدارة ]],$AV41&"") | CI41: =COUNTIFS(Projects[الربع],"Q3",Projects[القطاع],$AU41,Projects[[الإدارة ]],$AV41&"") | CJ41: =COUNTIFS(Projects[الربع],"Q4",Projects[القطاع],$AU41,Projects[[الإدارة ]],$AV41&"")
AU42: الأمانة العامة للمجلس التنفيذي | AV42: مكتب التدقيق الداخلي | AW42: الشهر الحالي | AX42: {=_xlfn.LET( _xlpm.results,Strategy[[نتيجة العام ]], SUMPRODUCT( --(Strategy[المؤشر]<>"")* --ISNUMBER(_xlpm.results)* --(_xlpm.results<>0)* --(Strategy[القطاع]=($AU42&""))* --(Strategy[الإدارة]=($AV42&"")) ) )} | AY42: =IFERROR( AVERAGEIFS( Strategy[[نتيجة العام ]], Strategy[المؤشر],"<>", Strategy[[نتيجة العام ]],"<>0", Strategy[القطاع],$AU42&"", Strategy[الإدارة],$AV42&"" ), "" ) | AZ42: =COUNTIFS(Special[اسم المشروع],"<>",Special[القطاع],$AU42&"",Special[[الإدارة ]],$AV42&"") | BA42: =COUNTIFS(Special[مستوى الإنجاز],"منجز",Special[مشاريع سموه],"نعم",Special[القطاع],$AU42&"",Special[[الإدارة ]],$AV42&"") | BB42: =COUNTIFS(Special[مستوى الإنجاز],"متأخر",Special[مشاريع سموه],"نعم",Special[القطاع],$AU42&"",Special[[الإدارة ]],$AV42&"") | BC42: =COUNTIFS(Special[مستوى الإنجاز],"منجز",Special[مشاريع سموه],"لا",Special[القطاع],$AU42&"",Special[[الإدارة ]],$AV42&"") | BD42: =COUNTIFS(Special[مستوى الإنجاز],"متأخر",Special[مشاريع سموه],"لا",Special[القطاع],$AU42&"",Special[[الإدارة ]],$AV42&"") | BE42: =COUNTIFS(ECSAC[[الموضوع ]],"<>",ECSAC[القطاع],$AU42&"",ECSAC[الإدارة],$AV42&"") | BF42: =COUNTIFS(ECSAC[مستوى الإنجاز],"منجز",ECSAC[القطاع],$AU42&"",ECSAC[الإدارة],$AV42&"") | BG42: =COUNTIFS(ECSAC[مستوى الإنجاز],"متأخر",ECSAC[القطاع],$AU42&"",ECSAC[الإدارة],$AV42&"") | BH42: {=_xlfn.LET( _xlpm.topic,IFERROR(Resolutions[الموضوع],""), _xlpm.followup,TRIM(SUBSTITUTE(IFERROR(Resolutions[متطلبات المتابعة],""),CHAR(160)," ")), _xlpm.sector,TRIM(SUBSTITUTE(IFERROR(Resolutions[القطاع],""),CHAR(160)," ")), _xlpm.dept,TRIM(SUBSTITUTE(IFERROR(Resolutions[الإدارة],""),CHAR(160)," ")), SUMPRODUCT( --(_xlpm.topic<>""), --(((_xlpm.followup="رسالة رسمية")+(_xlpm.followup="بريد من الوحدة التنظيمية"))>0), --(_xlpm.sector=TRIM(SUBSTITUTE($AU42,CHAR(160)," "))), --(_xlpm.dept=TRIM(SUBSTITUTE($AV42,CHAR(160)," "))) ) )} | BI42: {=_xlfn.LET( _xlpm.topic,IFERROR(Resolutions[الموضوع],""), _xlpm.followup,TRIM(SUBSTITUTE(IFERROR(Resolutions[متطلبات المتابعة],""),CHAR(160)," ")), _xlpm.itemStatus,TRIM(SUBSTITUTE(IFERROR(Resolutions[مستوى الإنجاز],""),CHAR(160)," ")), _xlpm.sector,TRIM(SUBSTITUTE(IFERROR(Resolutions[القطاع],""),CHAR(160)," ")), _xlpm.dept,TRIM(SUBSTITUTE(IFERROR(Resolutions[الإدارة],""),CHAR(160)," ")), SUMPRODUCT( --(_xlpm.topic<>""), --(((_xlpm.followup="رسالة رسمية")+(_xlpm.followup="بريد من الوحدة التنظيمية"))>0), --(_xlpm.itemStatus="منجز"), --(_xlpm.sector=TRIM(SUBSTITUTE($AU42,CHAR(160)," "))), --(_xlpm.dept=TRIM(SUBSTITUTE($AV42,CHAR(160)," "))) ) )} | BJ42: {=_xlfn.LET( _xlpm.topic,IFERROR(Resolutions[الموضوع],""), _xlpm.followup,TRIM(SUBSTITUTE(IFERROR(Resolutions[متطلبات المتابعة],""),CHAR(160)," ")), _xlpm.itemStatus,TRIM(SUBSTITUTE(IFERROR(Resolutions[مستوى الإنجاز],""),CHAR(160)," ")), _xlpm.sector,TRIM(SUBSTITUTE(IFERROR(Resolutions[القطاع],""),CHAR(160)," ")), _xlpm.dept,TRIM(SUBSTITUTE(IFERROR(Resolutions[الإدارة],""),CHAR(160)," ")), SUMPRODUCT( --(_xlpm.topic<>""), --(((_xlpm.followup="رسالة رسمية")+(_xlpm.followup="بريد من الوحدة التنظيمية"))>0), --(_xlpm.itemStatus="متأخر"), --(_xlpm.sector=TRIM(SUBSTITUTE($AU42,CHAR(160)," "))), --(_xlpm.dept=TRIM(SUBSTITUTE($AV42,CHAR(160)," "))) ) )} | BK42: =COUNTIFS(Projects[اسم المشروع],"<>",Projects[القطاع],$AU42&"",Projects[[الإدارة ]],$AV42&"") | BL42: =COUNTIFS(Projects[مستوى الإنجاز],"Completed",Projects[القطاع],$AU42&"",Projects[[الإدارة ]],$AV42&"") | BM42: =COUNTIFS(Projects[Late KPI],"Late",Projects[القطاع],$AU42&"",Projects[[الإدارة ]],$AV42&"") | BN42: =COUNTIFS(Legislations[[عنوان التشريع ]],"<>",Legislations[القطاع],$AU42&"",Legislations[الإدارة],$AV42&"") | BO42: =COUNTIFS(Legislations[مؤشرات الأداء],"في الموعد",Legislations[تجاوز الموعد],"<>متأخر",Legislations[القطاع],$AU42&"",Legislations[الإدارة],$AV42&"") | BP42: =COUNTIFS(Legislations[مؤشرات الأداء],"في الموعد",Legislations[تجاوز الموعد],"متأخر",Legislations[القطاع],$AU42&"",Legislations[الإدارة],$AV42&"") | BQ42: =COUNTIFS(Legislations[Late KPI],"متأخر",Legislations[القطاع],$AU42&"",Legislations[الإدارة],$AV42&"") | BR42: {=SUMPRODUCT(IFERROR(--Projects[الموازنة المعتمدة الجديدة],0),--(Projects[القطاع]=$AU42),--(Projects[[الإدارة ]]=$AV42))} | BS42: {=SUMPRODUCT(IFERROR(--Projects[المنفق الفعلي],0),--(Projects[القطاع]=$AU42),--(Projects[[الإدارة ]]=$AV42))} | BT42: {=SUMPRODUCT(IFERROR(--Projects[المخصص],0),--(Projects[القطاع]=$AU42),--(Projects[[الإدارة ]]=$AV42))} | BU42: {=SUMPRODUCT(IFERROR(--Projects[غير المخصص],0),--(Projects[القطاع]=$AU42),--(Projects[[الإدارة ]]=$AV42))} | BV42: =COUNTIFS(Special[اسم المشروع],"<>",Special[مشاريع سموه],"نعم",Special[القطاع],$AU42,Special[[الإدارة ]],$AV42&"") | BW42: =COUNTIFS(Special[اسم المشروع],"<>",Special[مشاريع سموه],"لا",Special[القطاع],$AU42,Special[[الإدارة ]],$AV42&"") | BX42: =BV42-BA42-BB42 | BY42: =BW42-BC42-BD42 | BZ42: =COUNTIFS(ECSAC[[الموضوع ]],"<>",ECSAC[تصنيف الموضوع],"الأجندة السنوية",ECSAC[القطاع],$AU42,ECSAC[الإدارة],$AV42&"") | CA42: =COUNTIFS(ECSAC[[الموضوع ]],"<>",ECSAC[تصنيف الموضوع],"مستجد",ECSAC[القطاع],$AU42,ECSAC[الإدارة],$AV42&"") | CB42: =COUNTIFS(ECSAC[مستوى الإنجاز],"قيد التطوير",ECSAC[القطاع],$AU42,ECSAC[الإدارة],$AV42&"")+COUNTIFS(ECSAC[مستوى الإنجاز],"قيد المراجعة",ECSAC[القطاع],$AU42,ECSAC[الإدارة],$AV42&"") | CC42: =COUNTIFS(ECSAC[مستوى الإنجاز],"جاهز للعرض",ECSAC[القطاع],$AU42,ECSAC[الإدارة],$AV42&"") | CD42: {=_xlfn.LET( _xlpm.topic,IFERROR(Resolutions[الموضوع],""), _xlpm.followup,TRIM(SUBSTITUTE(IFERROR(Resolutions[متطلبات المتابعة],""),CHAR(160)," ")), _xlpm.itemStatus,TRIM(SUBSTITUTE(IFERROR(Resolutions[مستوى الإنجاز],""),CHAR(160)," ")), _xlpm.sector,TRIM(SUBSTITUTE(IFERROR(Resolutions[القطاع],""),CHAR(160)," ")), _xlpm.dept,TRIM(SUBSTITUTE(IFERROR(Resolutions[الإدارة],""),CHAR(160)," ")), SUMPRODUCT( --(_xlpm.topic<>""), --(((_xlpm.followup="رسالة رسمية")+(_xlpm.followup="بريد من الوحدة التنظيمية"))>0), --(((_xlpm.itemStatus="قيد التطوير")+(_xlpm.itemStatus="قيد المراجعة"))>0), --(_xlpm.sector=TRIM(SUBSTITUTE($AU42,CHAR(160)," "))), --(_xlpm.dept=TRIM(SUBSTITUTE($AV42,CHAR(160)," "))) ) )} | CE42: =COUNTIFS(Projects[مستوى الإنجاز],"Active",Projects[القطاع],$AU42,Projects[[الإدارة ]],$AV42&"") | CF42: =COUNTIFS(Projects[مستوى الإنجاز],"Cancelled",Projects[القطاع],$AU42,Projects[[الإدارة ]],$AV42&"")+COUNTIFS(Projects[مستوى الإنجاز],"Frozen",Projects[القطاع],$AU42,Projects[[الإدارة ]],$AV42&"") | CG42: =COUNTIFS(Projects[الربع],"Q1",Projects[القطاع],$AU42,Projects[[الإدارة ]],$AV42&"") | CH42: =COUNTIFS(Projects[الربع],"Q2",Projects[القطاع],$AU42,Projects[[الإدارة ]],$AV42&"") | CI42: =COUNTIFS(Projects[الربع],"Q3",Projects[القطاع],$AU42,Projects[[الإدارة ]],$AV42&"") | CJ42: =COUNTIFS(Projects[الربع],"Q4",Projects[القطاع],$AU42,Projects[[الإدارة ]],$AV42&"")
AU43: الأمانة العامة للمجلس التنفيذي | AV43: الأبحاث والرصد | AW43: الشهر الحالي | AX43: {=_xlfn.LET( _xlpm.results,Strategy[[نتيجة العام ]], SUMPRODUCT( --(Strategy[المؤشر]<>"")* --ISNUMBER(_xlpm.results)* --(_xlpm.results<>0)* --(Strategy[القطاع]=($AU43&""))* --(Strategy[الإدارة]=($AV43&"")) ) )} | AY43: =IFERROR( AVERAGEIFS( Strategy[[نتيجة العام ]], Strategy[المؤشر],"<>", Strategy[[نتيجة العام ]],"<>0", Strategy[القطاع],$AU43&"", Strategy[الإدارة],$AV43&"" ), "" ) | AZ43: =COUNTIFS(Special[اسم المشروع],"<>",Special[القطاع],$AU43&"",Special[[الإدارة ]],$AV43&"") | BA43: =COUNTIFS(Special[مستوى الإنجاز],"منجز",Special[مشاريع سموه],"نعم",Special[القطاع],$AU43&"",Special[[الإدارة ]],$AV43&"") | BB43: =COUNTIFS(Special[مستوى الإنجاز],"متأخر",Special[مشاريع سموه],"نعم",Special[القطاع],$AU43&"",Special[[الإدارة ]],$AV43&"") | BC43: =COUNTIFS(Special[مستوى الإنجاز],"منجز",Special[مشاريع سموه],"لا",Special[القطاع],$AU43&"",Special[[الإدارة ]],$AV43&"") | BD43: =COUNTIFS(Special[مستوى الإنجاز],"متأخر",Special[مشاريع سموه],"لا",Special[القطاع],$AU43&"",Special[[الإدارة ]],$AV43&"") | BE43: =COUNTIFS(ECSAC[[الموضوع ]],"<>",ECSAC[القطاع],$AU43&"",ECSAC[الإدارة],$AV43&"") | BF43: =COUNTIFS(ECSAC[مستوى الإنجاز],"منجز",ECSAC[القطاع],$AU43&"",ECSAC[الإدارة],$AV43&"") | BG43: =COUNTIFS(ECSAC[مستوى الإنجاز],"متأخر",ECSAC[القطاع],$AU43&"",ECSAC[الإدارة],$AV43&"") | BH43: {=_xlfn.LET( _xlpm.topic,IFERROR(Resolutions[الموضوع],""), _xlpm.followup,TRIM(SUBSTITUTE(IFERROR(Resolutions[متطلبات المتابعة],""),CHAR(160)," ")), _xlpm.sector,TRIM(SUBSTITUTE(IFERROR(Resolutions[القطاع],""),CHAR(160)," ")), _xlpm.dept,TRIM(SUBSTITUTE(IFERROR(Resolutions[الإدارة],""),CHAR(160)," ")), SUMPRODUCT( --(_xlpm.topic<>""), --(((_xlpm.followup="رسالة رسمية")+(_xlpm.followup="بريد من الوحدة التنظيمية"))>0), --(_xlpm.sector=TRIM(SUBSTITUTE($AU43,CHAR(160)," "))), --(_xlpm.dept=TRIM(SUBSTITUTE($AV43,CHAR(160)," "))) ) )} | BI43: {=_xlfn.LET( _xlpm.topic,IFERROR(Resolutions[الموضوع],""), _xlpm.followup,TRIM(SUBSTITUTE(IFERROR(Resolutions[متطلبات المتابعة],""),CHAR(160)," ")), _xlpm.itemStatus,TRIM(SUBSTITUTE(IFERROR(Resolutions[مستوى الإنجاز],""),CHAR(160)," ")), _xlpm.sector,TRIM(SUBSTITUTE(IFERROR(Resolutions[القطاع],""),CHAR(160)," ")), _xlpm.dept,TRIM(SUBSTITUTE(IFERROR(Resolutions[الإدارة],""),CHAR(160)," ")), SUMPRODUCT( --(_xlpm.topic<>""), --(((_xlpm.followup="رسالة رسمية")+(_xlpm.followup="بريد من الوحدة التنظيمية"))>0), --(_xlpm.itemStatus="منجز"), --(_xlpm.sector=TRIM(SUBSTITUTE($AU43,CHAR(160)," "))), --(_xlpm.dept=TRIM(SUBSTITUTE($AV43,CHAR(160)," "))) ) )} | BJ43: {=_xlfn.LET( _xlpm.topic,IFERROR(Resolutions[الموضوع],""), _xlpm.followup,TRIM(SUBSTITUTE(IFERROR(Resolutions[متطلبات المتابعة],""),CHAR(160)," ")), _xlpm.itemStatus,TRIM(SUBSTITUTE(IFERROR(Resolutions[مستوى الإنجاز],""),CHAR(160)," ")), _xlpm.sector,TRIM(SUBSTITUTE(IFERROR(Resolutions[القطاع],""),CHAR(160)," ")), _xlpm.dept,TRIM(SUBSTITUTE(IFERROR(Resolutions[الإدارة],""),CHAR(160)," ")), SUMPRODUCT( --(_xlpm.topic<>""), --(((_xlpm.followup="رسالة رسمية")+(_xlpm.followup="بريد من الوحدة التنظيمية"))>0), --(_xlpm.itemStatus="متأخر"), --(_xlpm.sector=TRIM(SUBSTITUTE($AU43,CHAR(160)," "))), --(_xlpm.dept=TRIM(SUBSTITUTE($AV43,CHAR(160)," "))) ) )} | BK43: =COUNTIFS(Projects[اسم المشروع],"<>",Projects[القطاع],$AU43&"",Projects[[الإدارة ]],$AV43&"") | BL43: =COUNTIFS(Projects[مستوى الإنجاز],"Completed",Projects[القطاع],$AU43&"",Projects[[الإدارة ]],$AV43&"") | BM43: =COUNTIFS(Projects[Late KPI],"Late",Projects[القطاع],$AU43&"",Projects[[الإدارة ]],$AV43&"") | BN43: =COUNTIFS(Legislations[[عنوان التشريع ]],"<>",Legislations[القطاع],$AU43&"",Legislations[الإدارة],$AV43&"") | BO43: =COUNTIFS(Legislations[مؤشرات الأداء],"في الموعد",Legislations[تجاوز الموعد],"<>متأخر",Legislations[القطاع],$AU43&"",Legislations[الإدارة],$AV43&"") | BP43: =COUNTIFS(Legislations[مؤشرات الأداء],"في الموعد",Legislations[تجاوز الموعد],"متأخر",Legislations[القطاع],$AU43&"",Legislations[الإدارة],$AV43&"") | BQ43: =COUNTIFS(Legislations[Late KPI],"متأخر",Legislations[القطاع],$AU43&"",Legislations[الإدارة],$AV43&"") | BR43: {=SUMPRODUCT(IFERROR(--Projects[الموازنة المعتمدة الجديدة],0),--(Projects[القطاع]=$AU43),--(Projects[[الإدارة ]]=$AV43))} | BS43: {=SUMPRODUCT(IFERROR(--Projects[المنفق الفعلي],0),--(Projects[القطاع]=$AU43),--(Projects[[الإدارة ]]=$AV43))} | BT43: {=SUMPRODUCT(IFERROR(--Projects[المخصص],0),--(Projects[القطاع]=$AU43),--(Projects[[الإدارة ]]=$AV43))} | BU43: {=SUMPRODUCT(IFERROR(--Projects[غير المخصص],0),--(Projects[القطاع]=$AU43),--(Projects[[الإدارة ]]=$AV43))} | BV43: =COUNTIFS(Special[اسم المشروع],"<>",Special[مشاريع سموه],"نعم",Special[القطاع],$AU43,Special[[الإدارة ]],$AV43&"") | BW43: =COUNTIFS(Special[اسم المشروع],"<>",Special[مشاريع سموه],"لا",Special[القطاع],$AU43,Special[[الإدارة ]],$AV43&"") | BX43: =BV43-BA43-BB43 | BY43: =BW43-BC43-BD43 | BZ43: =COUNTIFS(ECSAC[[الموضوع ]],"<>",ECSAC[تصنيف الموضوع],"الأجندة السنوية",ECSAC[القطاع],$AU43,ECSAC[الإدارة],$AV43&"") | CA43: =COUNTIFS(ECSAC[[الموضوع ]],"<>",ECSAC[تصنيف الموضوع],"مستجد",ECSAC[القطاع],$AU43,ECSAC[الإدارة],$AV43&"") | CB43: =COUNTIFS(ECSAC[مستوى الإنجاز],"قيد التطوير",ECSAC[القطاع],$AU43,ECSAC[الإدارة],$AV43&"")+COUNTIFS(ECSAC[مستوى الإنجاز],"قيد المراجعة",ECSAC[القطاع],$AU43,ECSAC[الإدارة],$AV43&"") | CC43: =COUNTIFS(ECSAC[مستوى الإنجاز],"جاهز للعرض",ECSAC[القطاع],$AU43,ECSAC[الإدارة],$AV43&"") | CD43: {=_xlfn.LET( _xlpm.topic,IFERROR(Resolutions[الموضوع],""), _xlpm.followup,TRIM(SUBSTITUTE(IFERROR(Resolutions[متطلبات المتابعة],""),CHAR(160)," ")), _xlpm.itemStatus,TRIM(SUBSTITUTE(IFERROR(Resolutions[مستوى الإنجاز],""),CHAR(160)," ")), _xlpm.sector,TRIM(SUBSTITUTE(IFERROR(Resolutions[القطاع],""),CHAR(160)," ")), _xlpm.dept,TRIM(SUBSTITUTE(IFERROR(Resolutions[الإدارة],""),CHAR(160)," ")), SUMPRODUCT( --(_xlpm.topic<>""), --(((_xlpm.followup="رسالة رسمية")+(_xlpm.followup="بريد من الوحدة التنظيمية"))>0), --(((_xlpm.itemStatus="قيد التطوير")+(_xlpm.itemStatus="قيد المراجعة"))>0), --(_xlpm.sector=TRIM(SUBSTITUTE($AU43,CHAR(160)," "))), --(_xlpm.dept=TRIM(SUBSTITUTE($AV43,CHAR(160)," "))) ) )} | CE43: =COUNTIFS(Projects[مستوى الإنجاز],"Active",Projects[القطاع],$AU43,Projects[[الإدارة ]],$AV43&"") | CF43: =COUNTIFS(Projects[مستوى الإنجاز],"Cancelled",Projects[القطاع],$AU43,Projects[[الإدارة ]],$AV43&"")+COUNTIFS(Projects[مستوى الإنجاز],"Frozen",Projects[القطاع],$AU43,Projects[[الإدارة ]],$AV43&"") | CG43: =COUNTIFS(Projects[الربع],"Q1",Projects[القطاع],$AU43,Projects[[الإدارة ]],$AV43&"") | CH43: =COUNTIFS(Projects[الربع],"Q2",Projects[القطاع],$AU43,Projects[[الإدارة ]],$AV43&"") | CI43: =COUNTIFS(Projects[الربع],"Q3",Projects[القطاع],$AU43,Projects[[الإدارة ]],$AV43&"") | CJ43: =COUNTIFS(Projects[الربع],"Q4",Projects[القطاع],$AU43,Projects[[الإدارة ]],$AV43&"")
AU44: الأمانة العامة للمجلس التنفيذي | AV44: الشراكات والعلاقات الدولية | AW44: الشهر الحالي | AX44: {=_xlfn.LET( _xlpm.results,Strategy[[نتيجة العام ]], SUMPRODUCT( --(Strategy[المؤشر]<>"")* --ISNUMBER(_xlpm.results)* --(_xlpm.results<>0)* --(Strategy[القطاع]=($AU44&""))* --(Strategy[الإدارة]=($AV44&"")) ) )} | AY44: =IFERROR( AVERAGEIFS( Strategy[[نتيجة العام ]], Strategy[المؤشر],"<>", Strategy[[نتيجة العام ]],"<>0", Strategy[القطاع],$AU44&"", Strategy[الإدارة],$AV44&"" ), "" ) | AZ44: =COUNTIFS(Special[اسم المشروع],"<>",Special[القطاع],$AU44&"",Special[[الإدارة ]],$AV44&"") | BA44: =COUNTIFS(Special[مستوى الإنجاز],"منجز",Special[مشاريع سموه],"نعم",Special[القطاع],$AU44&"",Special[[الإدارة ]],$AV44&"") | BB44: =COUNTIFS(Special[مستوى الإنجاز],"متأخر",Special[مشاريع سموه],"نعم",Special[القطاع],$AU44&"",Special[[الإدارة ]],$AV44&"") | BC44: =COUNTIFS(Special[مستوى الإنجاز],"منجز",Special[مشاريع سموه],"لا",Special[القطاع],$AU44&"",Special[[الإدارة ]],$AV44&"") | BD44: =COUNTIFS(Special[مستوى الإنجاز],"متأخر",Special[مشاريع سموه],"لا",Special[القطاع],$AU44&"",Special[[الإدارة ]],$AV44&"") | BE44: =COUNTIFS(ECSAC[[الموضوع ]],"<>",ECSAC[القطاع],$AU44&"",ECSAC[الإدارة],$AV44&"") | BF44: =COUNTIFS(ECSAC[مستوى الإنجاز],"منجز",ECSAC[القطاع],$AU44&"",ECSAC[الإدارة],$AV44&"") | BG44: =COUNTIFS(ECSAC[مستوى الإنجاز],"متأخر",ECSAC[القطاع],$AU44&"",ECSAC[الإدارة],$AV44&"") | BH44: {=_xlfn.LET( _xlpm.topic,IFERROR(Resolutions[الموضوع],""), _xlpm.followup,TRIM(SUBSTITUTE(IFERROR(Resolutions[متطلبات المتابعة],""),CHAR(160)," ")), _xlpm.sector,TRIM(SUBSTITUTE(IFERROR(Resolutions[القطاع],""),CHAR(160)," ")), _xlpm.dept,TRIM(SUBSTITUTE(IFERROR(Resolutions[الإدارة],""),CHAR(160)," ")), SUMPRODUCT( --(_xlpm.topic<>""), --(((_xlpm.followup="رسالة رسمية")+(_xlpm.followup="بريد من الوحدة التنظيمية"))>0), --(_xlpm.sector=TRIM(SUBSTITUTE($AU44,CHAR(160)," "))), --(_xlpm.dept=TRIM(SUBSTITUTE($AV44,CHAR(160)," "))) ) )} | BI44: {=_xlfn.LET( _xlpm.topic,IFERROR(Resolutions[الموضوع],""), _xlpm.followup,TRIM(SUBSTITUTE(IFERROR(Resolutions[متطلبات المتابعة],""),CHAR(160)," ")), _xlpm.itemStatus,TRIM(SUBSTITUTE(IFERROR(Resolutions[مستوى الإنجاز],""),CHAR(160)," ")), _xlpm.sector,TRIM(SUBSTITUTE(IFERROR(Resolutions[القطاع],""),CHAR(160)," ")), _xlpm.dept,TRIM(SUBSTITUTE(IFERROR(Resolutions[الإدارة],""),CHAR(160)," ")), SUMPRODUCT( --(_xlpm.topic<>""), --(((_xlpm.followup="رسالة رسمية")+(_xlpm.followup="بريد من الوحدة التنظيمية"))>0), --(_xlpm.itemStatus="منجز"), --(_xlpm.sector=TRIM(SUBSTITUTE($AU44,CHAR(160)," "))), --(_xlpm.dept=TRIM(SUBSTITUTE($AV44,CHAR(160)," "))) ) )} | BJ44: {=_xlfn.LET( _xlpm.topic,IFERROR(Resolutions[الموضوع],""), _xlpm.followup,TRIM(SUBSTITUTE(IFERROR(Resolutions[متطلبات المتابعة],""),CHAR(160)," ")), _xlpm.itemStatus,TRIM(SUBSTITUTE(IFERROR(Resolutions[مستوى الإنجاز],""),CHAR(160)," ")), _xlpm.sector,TRIM(SUBSTITUTE(IFERROR(Resolutions[القطاع],""),CHAR(160)," ")), _xlpm.dept,TRIM(SUBSTITUTE(IFERROR(Resolutions[الإدارة],""),CHAR(160)," ")), SUMPRODUCT( --(_xlpm.topic<>""), --(((_xlpm.followup="رسالة رسمية")+(_xlpm.followup="بريد من الوحدة التنظيمية"))>0), --(_xlpm.itemStatus="متأخر"), --(_xlpm.sector=TRIM(SUBSTITUTE($AU44,CHAR(160)," "))), --(_xlpm.dept=TRIM(SUBSTITUTE($AV44,CHAR(160)," "))) ) )} | BK44: =COUNTIFS(Projects[اسم المشروع],"<>",Projects[القطاع],$AU44&"",Projects[[الإدارة ]],$AV44&"") | BL44: =COUNTIFS(Projects[مستوى الإنجاز],"Completed",Projects[القطاع],$AU44&"",Projects[[الإدارة ]],$AV44&"") | BM44: =COUNTIFS(Projects[Late KPI],"Late",Projects[القطاع],$AU44&"",Projects[[الإدارة ]],$AV44&"") | BN44: =COUNTIFS(Legislations[[عنوان التشريع ]],"<>",Legislations[القطاع],$AU44&"",Legislations[الإدارة],$AV44&"") | BO44: =COUNTIFS(Legislations[مؤشرات الأداء],"في الموعد",Legislations[تجاوز الموعد],"<>متأخر",Legislations[القطاع],$AU44&"",Legislations[الإدارة],$AV44&"") | BP44: =COUNTIFS(Legislations[مؤشرات الأداء],"في الموعد",Legislations[تجاوز الموعد],"متأخر",Legislations[القطاع],$AU44&"",Legislations[الإدارة],$AV44&"") | BQ44: =COUNTIFS(Legislations[Late KPI],"متأخر",Legislations[القطاع],$AU44&"",Legislations[الإدارة],$AV44&"") | BR44: {=SUMPRODUCT(IFERROR(--Projects[الموازنة المعتمدة الجديدة],0),--(Projects[القطاع]=$AU44),--(Projects[[الإدارة ]]=$AV44))} | BS44: {=SUMPRODUCT(IFERROR(--Projects[المنفق الفعلي],0),--(Projects[القطاع]=$AU44),--(Projects[[الإدارة ]]=$AV44))} | BT44: {=SUMPRODUCT(IFERROR(--Projects[المخصص],0),--(Projects[القطاع]=$AU44),--(Projects[[الإدارة ]]=$AV44))} | BU44: {=SUMPRODUCT(IFERROR(--Projects[غير المخصص],0),--(Projects[القطاع]=$AU44),--(Projects[[الإدارة ]]=$AV44))} | BV44: =COUNTIFS(Special[اسم المشروع],"<>",Special[مشاريع سموه],"نعم",Special[القطاع],$AU44,Special[[الإدارة ]],$AV44&"") | BW44: =COUNTIFS(Special[اسم المشروع],"<>",Special[مشاريع سموه],"لا",Special[القطاع],$AU44,Special[[الإدارة ]],$AV44&"") | BX44: =BV44-BA44-BB44 | BY44: =BW44-BC44-BD44 | BZ44: =COUNTIFS(ECSAC[[الموضوع ]],"<>",ECSAC[تصنيف الموضوع],"الأجندة السنوية",ECSAC[القطاع],$AU44,ECSAC[الإدارة],$AV44&"") | CA44: =COUNTIFS(ECSAC[[الموضوع ]],"<>",ECSAC[تصنيف الموضوع],"مستجد",ECSAC[القطاع],$AU44,ECSAC[الإدارة],$AV44&"") | CB44: =COUNTIFS(ECSAC[مستوى الإنجاز],"قيد التطوير",ECSAC[القطاع],$AU44,ECSAC[الإدارة],$AV44&"")+COUNTIFS(ECSAC[مستوى الإنجاز],"قيد المراجعة",ECSAC[القطاع],$AU44,ECSAC[الإدارة],$AV44&"") | CC44: =COUNTIFS(ECSAC[مستوى الإنجاز],"جاهز للعرض",ECSAC[القطاع],$AU44,ECSAC[الإدارة],$AV44&"") | CD44: {=_xlfn.LET( _xlpm.topic,IFERROR(Resolutions[الموضوع],""), _xlpm.followup,TRIM(SUBSTITUTE(IFERROR(Resolutions[متطلبات المتابعة],""),CHAR(160)," ")), _xlpm.itemStatus,TRIM(SUBSTITUTE(IFERROR(Resolutions[مستوى الإنجاز],""),CHAR(160)," ")), _xlpm.sector,TRIM(SUBSTITUTE(IFERROR(Resolutions[القطاع],""),CHAR(160)," ")), _xlpm.dept,TRIM(SUBSTITUTE(IFERROR(Resolutions[الإدارة],""),CHAR(160)," ")), SUMPRODUCT( --(_xlpm.topic<>""), --(((_xlpm.followup="رسالة رسمية")+(_xlpm.followup="بريد من الوحدة التنظيمية"))>0), --(((_xlpm.itemStatus="قيد التطوير")+(_xlpm.itemStatus="قيد المراجعة"))>0), --(_xlpm.sector=TRIM(SUBSTITUTE($AU44,CHAR(160)," "))), --(_xlpm.dept=TRIM(SUBSTITUTE($AV44,CHAR(160)," "))) ) )} | CE44: =COUNTIFS(Projects[مستوى الإنجاز],"Active",Projects[القطاع],$AU44,Projects[[الإدارة ]],$AV44&"") | CF44: =COUNTIFS(Projects[مستوى الإنجاز],"Cancelled",Projects[القطاع],$AU44,Projects[[الإدارة ]],$AV44&"")+COUNTIFS(Projects[مستوى الإنجاز],"Frozen",Projects[القطاع],$AU44,Projects[[الإدارة ]],$AV44&"") | CG44: =COUNTIFS(Projects[الربع],"Q1",Projects[القطاع],$AU44,Projects[[الإدارة ]],$AV44&"") | CH44: =COUNTIFS(Projects[الربع],"Q2",Projects[القطاع],$AU44,Projects[[الإدارة ]],$AV44&"") | CI44: =COUNTIFS(Projects[الربع],"Q3",Projects[القطاع],$AU44,Projects[[الإدارة ]],$AV44&"") | CJ44: =COUNTIFS(Projects[الربع],"Q4",Projects[القطاع],$AU44,Projects[[الإدارة ]],$AV44&"")
AU45: الاقتصاد والتنمية الاجتماعية | AV45: السياسات والإستراتيجيات الاقتصادية | AW45: الشهر الحالي | AX45: {=_xlfn.LET( _xlpm.results,Strategy[[نتيجة العام ]], SUMPRODUCT( --(Strategy[المؤشر]<>"")* --ISNUMBER(_xlpm.results)* --(_xlpm.results<>0)* --(Strategy[القطاع]=($AU45&""))* --(Strategy[الإدارة]=($AV45&"")) ) )} | AY45: =IFERROR( AVERAGEIFS( Strategy[[نتيجة العام ]], Strategy[المؤشر],"<>", Strategy[[نتيجة العام ]],"<>0", Strategy[القطاع],$AU45&"", Strategy[الإدارة],$AV45&"" ), "" ) | AZ45: =COUNTIFS(Special[اسم المشروع],"<>",Special[القطاع],$AU45&"",Special[[الإدارة ]],$AV45&"") | BA45: =COUNTIFS(Special[مستوى الإنجاز],"منجز",Special[مشاريع سموه],"نعم",Special[القطاع],$AU45&"",Special[[الإدارة ]],$AV45&"") | BB45: =COUNTIFS(Special[مستوى الإنجاز],"متأخر",Special[مشاريع سموه],"نعم",Special[القطاع],$AU45&"",Special[[الإدارة ]],$AV45&"") | BC45: =COUNTIFS(Special[مستوى الإنجاز],"منجز",Special[مشاريع سموه],"لا",Special[القطاع],$AU45&"",Special[[الإدارة ]],$AV45&"") | BD45: =COUNTIFS(Special[مستوى الإنجاز],"متأخر",Special[مشاريع سموه],"لا",Special[القطاع],$AU45&"",Special[[الإدارة ]],$AV45&"") | BE45: =COUNTIFS(ECSAC[[الموضوع ]],"<>",ECSAC[القطاع],$AU45&"",ECSAC[الإدارة],$AV45&"") | BF45: =COUNTIFS(ECSAC[مستوى الإنجاز],"منجز",ECSAC[القطاع],$AU45&"",ECSAC[الإدارة],$AV45&"") | BG45: =COUNTIFS(ECSAC[مستوى الإنجاز],"متأخر",ECSAC[القطاع],$AU45&"",ECSAC[الإدارة],$AV45&"") | BH45: {=_xlfn.LET( _xlpm.topic,IFERROR(Resolutions[الموضوع],""), _xlpm.followup,TRIM(SUBSTITUTE(IFERROR(Resolutions[متطلبات المتابعة],""),CHAR(160)," ")), _xlpm.sector,TRIM(SUBSTITUTE(IFERROR(Resolutions[القطاع],""),CHAR(160)," ")), _xlpm.dept,TRIM(SUBSTITUTE(IFERROR(Resolutions[الإدارة],""),CHAR(160)," ")), SUMPRODUCT( --(_xlpm.topic<>""), --(((_xlpm.followup="رسالة رسمية")+(_xlpm.followup="بريد من الوحدة التنظيمية"))>0), --(_xlpm.sector=TRIM(SUBSTITUTE($AU45,CHAR(160)," "))), --(_xlpm.dept=TRIM(SUBSTITUTE($AV45,CHAR(160)," "))) ) )} | BI45: {=_xlfn.LET( _xlpm.topic,IFERROR(Resolutions[الموضوع],""), _xlpm.followup,TRIM(SUBSTITUTE(IFERROR(Resolutions[متطلبات المتابعة],""),CHAR(160)," ")), _xlpm.itemStatus,TRIM(SUBSTITUTE(IFERROR(Resolutions[مستوى الإنجاز],""),CHAR(160)," ")), _xlpm.sector,TRIM(SUBSTITUTE(IFERROR(Resolutions[القطاع],""),CHAR(160)," ")), _xlpm.dept,TRIM(SUBSTITUTE(IFERROR(Resolutions[الإدارة],""),CHAR(160)," ")), SUMPRODUCT( --(_xlpm.topic<>""), --(((_xlpm.followup="رسالة رسمية")+(_xlpm.followup="بريد من الوحدة التنظيمية"))>0), --(_xlpm.itemStatus="منجز"), --(_xlpm.sector=TRIM(SUBSTITUTE($AU45,CHAR(160)," "))), --(_xlpm.dept=TRIM(SUBSTITUTE($AV45,CHAR(160)," "))) ) )} | BJ45: {=_xlfn.LET( _xlpm.topic,IFERROR(Resolutions[الموضوع],""), _xlpm.followup,TRIM(SUBSTITUTE(IFERROR(Resolutions[متطلبات المتابعة],""),CHAR(160)," ")), _xlpm.itemStatus,TRIM(SUBSTITUTE(IFERROR(Resolutions[مستوى الإنجاز],""),CHAR(160)," ")), _xlpm.sector,TRIM(SUBSTITUTE(IFERROR(Resolutions[القطاع],""),CHAR(160)," ")), _xlpm.dept,TRIM(SUBSTITUTE(IFERROR(Resolutions[الإدارة],""),CHAR(160)," ")), SUMPRODUCT( --(_xlpm.topic<>""), --(((_xlpm.followup="رسالة رسمية")+(_xlpm.followup="بريد من الوحدة التنظيمية"))>0), --(_xlpm.itemStatus="متأخر"), --(_xlpm.sector=TRIM(SUBSTITUTE($AU45,CHAR(160)," "))), --(_xlpm.dept=TRIM(SUBSTITUTE($AV45,CHAR(160)," "))) ) )} | BK45: =COUNTIFS(Projects[اسم المشروع],"<>",Projects[القطاع],$AU45&"",Projects[[الإدارة ]],$AV45&"") | BL45: =COUNTIFS(Projects[مستوى الإنجاز],"Completed",Projects[القطاع],$AU45&"",Projects[[الإدارة ]],$AV45&"") | BM45: =COUNTIFS(Projects[Late KPI],"Late",Projects[القطاع],$AU45&"",Projects[[الإدارة ]],$AV45&"") | BN45: =COUNTIFS(Legislations[[عنوان التشريع ]],"<>",Legislations[القطاع],$AU45&"",Legislations[الإدارة],$AV45&"") | BO45: =COUNTIFS(Legislations[مؤشرات الأداء],"في الموعد",Legislations[تجاوز الموعد],"<>متأخر",Legislations[القطاع],$AU45&"",Legislations[الإدارة],$AV45&"") | BP45: =COUNTIFS(Legislations[مؤشرات الأداء],"في الموعد",Legislations[تجاوز الموعد],"متأخر",Legislations[القطاع],$AU45&"",Legislations[الإدارة],$AV45&"") | BQ45: =COUNTIFS(Legislations[Late KPI],"متأخر",Legislations[القطاع],$AU45&"",Legislations[الإدارة],$AV45&"") | BR45: {=SUMPRODUCT(IFERROR(--Projects[الموازنة المعتمدة الجديدة],0),--(Projects[القطاع]=$AU45),--(Projects[[الإدارة ]]=$AV45))} | BS45: {=SUMPRODUCT(IFERROR(--Projects[المنفق الفعلي],0),--(Projects[القطاع]=$AU45),--(Projects[[الإدارة ]]=$AV45))} | BT45: {=SUMPRODUCT(IFERROR(--Projects[المخصص],0),--(Projects[القطاع]=$AU45),--(Projects[[الإدارة ]]=$AV45))} | BU45: {=SUMPRODUCT(IFERROR(--Projects[غير المخصص],0),--(Projects[القطاع]=$AU45),--(Projects[[الإدارة ]]=$AV45))} | BV45: =COUNTIFS(Special[اسم المشروع],"<>",Special[مشاريع سموه],"نعم",Special[القطاع],$AU45,Special[[الإدارة ]],$AV45&"") | BW45: =COUNTIFS(Special[اسم المشروع],"<>",Special[مشاريع سموه],"لا",Special[القطاع],$AU45,Special[[الإدارة ]],$AV45&"") | BX45: =BV45-BA45-BB45 | BY45: =BW45-BC45-BD45 | BZ45: =COUNTIFS(ECSAC[[الموضوع ]],"<>",ECSAC[تصنيف الموضوع],"الأجندة السنوية",ECSAC[القطاع],$AU45,ECSAC[الإدارة],$AV45&"") | CA45: =COUNTIFS(ECSAC[[الموضوع ]],"<>",ECSAC[تصنيف الموضوع],"مستجد",ECSAC[القطاع],$AU45,ECSAC[الإدارة],$AV45&"") | CB45: =COUNTIFS(ECSAC[مستوى الإنجاز],"قيد التطوير",ECSAC[القطاع],$AU45,ECSAC[الإدارة],$AV45&"")+COUNTIFS(ECSAC[مستوى الإنجاز],"قيد المراجعة",ECSAC[القطاع],$AU45,ECSAC[الإدارة],$AV45&"") | CC45: =COUNTIFS(ECSAC[مستوى الإنجاز],"جاهز للعرض",ECSAC[القطاع],$AU45,ECSAC[الإدارة],$AV45&"") | CD45: {=_xlfn.LET( _xlpm.topic,IFERROR(Resolutions[الموضوع],""), _xlpm.followup,TRIM(SUBSTITUTE(IFERROR(Resolutions[متطلبات المتابعة],""),CHAR(160)," ")), _xlpm.itemStatus,TRIM(SUBSTITUTE(IFERROR(Resolutions[مستوى الإنجاز],""),CHAR(160)," ")), _xlpm.sector,TRIM(SUBSTITUTE(IFERROR(Resolutions[القطاع],""),CHAR(160)," ")), _xlpm.dept,TRIM(SUBSTITUTE(IFERROR(Resolutions[الإدارة],""),CHAR(160)," ")), SUMPRODUCT( --(_xlpm.topic<>""), --(((_xlpm.followup="رسالة رسمية")+(_xlpm.followup="بريد من الوحدة التنظيمية"))>0), --(((_xlpm.itemStatus="قيد التطوير")+(_xlpm.itemStatus="قيد المراجعة"))>0), --(_xlpm.sector=TRIM(SUBSTITUTE($AU45,CHAR(160)," "))), --(_xlpm.dept=TRIM(SUBSTITUTE($AV45,CHAR(160)," "))) ) )} | CE45: =COUNTIFS(Projects[مستوى الإنجاز],"Active",Projects[القطاع],$AU45,Projects[[الإدارة ]],$AV45&"") | CF45: =COUNTIFS(Projects[مستوى الإنجاز],"Cancelled",Projects[القطاع],$AU45,Projects[[الإدارة ]],$AV45&"")+COUNTIFS(Projects[مستوى الإنجاز],"Frozen",Projects[القطاع],$AU45,Projects[[الإدارة ]],$AV45&"") | CG45: =COUNTIFS(Projects[الربع],"Q1",Projects[القطاع],$AU45,Projects[[الإدارة ]],$AV45&"") | CH45: =COUNTIFS(Projects[الربع],"Q2",Projects[القطاع],$AU45,Projects[[الإدارة ]],$AV45&"") | CI45: =COUNTIFS(Projects[الربع],"Q3",Projects[القطاع],$AU45,Projects[[الإدارة ]],$AV45&"") | CJ45: =COUNTIFS(Projects[الربع],"Q4",Projects[القطاع],$AU45,Projects[[الإدارة ]],$AV45&"")
AU46: الاقتصاد والتنمية الاجتماعية | AV46: السياسات والإستراتيجيات الاجتماعية | AW46: الشهر الحالي | AX46: {=_xlfn.LET( _xlpm.results,Strategy[[نتيجة العام ]], SUMPRODUCT( --(Strategy[المؤشر]<>"")* --ISNUMBER(_xlpm.results)* --(_xlpm.results<>0)* --(Strategy[القطاع]=($AU46&""))* --(Strategy[الإدارة]=($AV46&"")) ) )} | AY46: =IFERROR( AVERAGEIFS( Strategy[[نتيجة العام ]], Strategy[المؤشر],"<>", Strategy[[نتيجة العام ]],"<>0", Strategy[القطاع],$AU46&"", Strategy[الإدارة],$AV46&"" ), "" ) | AZ46: =COUNTIFS(Special[اسم المشروع],"<>",Special[القطاع],$AU46&"",Special[[الإدارة ]],$AV46&"") | BA46: =COUNTIFS(Special[مستوى الإنجاز],"منجز",Special[مشاريع سموه],"نعم",Special[القطاع],$AU46&"",Special[[الإدارة ]],$AV46&"") | BB46: =COUNTIFS(Special[مستوى الإنجاز],"متأخر",Special[مشاريع سموه],"نعم",Special[القطاع],$AU46&"",Special[[الإدارة ]],$AV46&"") | BC46: =COUNTIFS(Special[مستوى الإنجاز],"منجز",Special[مشاريع سموه],"لا",Special[القطاع],$AU46&"",Special[[الإدارة ]],$AV46&"") | BD46: =COUNTIFS(Special[مستوى الإنجاز],"متأخر",Special[مشاريع سموه],"لا",Special[القطاع],$AU46&"",Special[[الإدارة ]],$AV46&"") | BE46: =COUNTIFS(ECSAC[[الموضوع ]],"<>",ECSAC[القطاع],$AU46&"",ECSAC[الإدارة],$AV46&"") | BF46: =COUNTIFS(ECSAC[مستوى الإنجاز],"منجز",ECSAC[القطاع],$AU46&"",ECSAC[الإدارة],$AV46&"") | BG46: =COUNTIFS(ECSAC[مستوى الإنجاز],"متأخر",ECSAC[القطاع],$AU46&"",ECSAC[الإدارة],$AV46&"") | BH46: {=_xlfn.LET( _xlpm.topic,IFERROR(Resolutions[الموضوع],""), _xlpm.followup,TRIM(SUBSTITUTE(IFERROR(Resolutions[متطلبات المتابعة],""),CHAR(160)," ")), _xlpm.sector,TRIM(SUBSTITUTE(IFERROR(Resolutions[القطاع],""),CHAR(160)," ")), _xlpm.dept,TRIM(SUBSTITUTE(IFERROR(Resolutions[الإدارة],""),CHAR(160)," ")), SUMPRODUCT( --(_xlpm.topic<>""), --(((_xlpm.followup="رسالة رسمية")+(_xlpm.followup="بريد من الوحدة التنظيمية"))>0), --(_xlpm.sector=TRIM(SUBSTITUTE($AU46,CHAR(160)," "))), --(_xlpm.dept=TRIM(SUBSTITUTE($AV46,CHAR(160)," "))) ) )} | BI46: {=_xlfn.LET( _xlpm.topic,IFERROR(Resolutions[الموضوع],""), _xlpm.followup,TRIM(SUBSTITUTE(IFERROR(Resolutions[متطلبات المتابعة],""),CHAR(160)," ")), _xlpm.itemStatus,TRIM(SUBSTITUTE(IFERROR(Resolutions[مستوى الإنجاز],""),CHAR(160)," ")), _xlpm.sector,TRIM(SUBSTITUTE(IFERROR(Resolutions[القطاع],""),CHAR(160)," ")), _xlpm.dept,TRIM(SUBSTITUTE(IFERROR(Resolutions[الإدارة],""),CHAR(160)," ")), SUMPRODUCT( --(_xlpm.topic<>""), --(((_xlpm.followup="رسالة رسمية")+(_xlpm.followup="بريد من الوحدة التنظيمية"))>0), --(_xlpm.itemStatus="منجز"), --(_xlpm.sector=TRIM(SUBSTITUTE($AU46,CHAR(160)," "))), --(_xlpm.dept=TRIM(SUBSTITUTE($AV46,CHAR(160)," "))) ) )} | BJ46: {=_xlfn.LET( _xlpm.topic,IFERROR(Resolutions[الموضوع],""), _xlpm.followup,TRIM(SUBSTITUTE(IFERROR(Resolutions[متطلبات المتابعة],""),CHAR(160)," ")), _xlpm.itemStatus,TRIM(SUBSTITUTE(IFERROR(Resolutions[مستوى الإنجاز],""),CHAR(160)," ")), _xlpm.sector,TRIM(SUBSTITUTE(IFERROR(Resolutions[القطاع],""),CHAR(160)," ")), _xlpm.dept,TRIM(SUBSTITUTE(IFERROR(Resolutions[الإدارة],""),CHAR(160)," ")), SUMPRODUCT( --(_xlpm.topic<>""), --(((_xlpm.followup="رسالة رسمية")+(_xlpm.followup="بريد من الوحدة التنظيمية"))>0), --(_xlpm.itemStatus="متأخر"), --(_xlpm.sector=TRIM(SUBSTITUTE($AU46,CHAR(160)," "))), --(_xlpm.dept=TRIM(SUBSTITUTE($AV46,CHAR(160)," "))) ) )} | BK46: =COUNTIFS(Projects[اسم المشروع],"<>",Projects[القطاع],$AU46&"",Projects[[الإدارة ]],$AV46&"") | BL46: =COUNTIFS(Projects[مستوى الإنجاز],"Completed",Projects[القطاع],$AU46&"",Projects[[الإدارة ]],$AV46&"") | BM46: =COUNTIFS(Projects[Late KPI],"Late",Projects[القطاع],$AU46&"",Projects[[الإدارة ]],$AV46&"") | BN46: =COUNTIFS(Legislations[[عنوان التشريع ]],"<>",Legislations[القطاع],$AU46&"",Legislations[الإدارة],$AV46&"") | BO46: =COUNTIFS(Legislations[مؤشرات الأداء],"في الموعد",Legislations[تجاوز الموعد],"<>متأخر",Legislations[القطاع],$AU46&"",Legislations[الإدارة],$AV46&"") | BP46: =COUNTIFS(Legislations[مؤشرات الأداء],"في الموعد",Legislations[تجاوز الموعد],"متأخر",Legislations[القطاع],$AU46&"",Legislations[الإدارة],$AV46&"") | BQ46: =COUNTIFS(Legislations[Late KPI],"متأخر",Legislations[القطاع],$AU46&"",Legislations[الإدارة],$AV46&"") | BR46: {=SUMPRODUCT(IFERROR(--Projects[الموازنة المعتمدة الجديدة],0),--(Projects[القطاع]=$AU46),--(Projects[[الإدارة ]]=$AV46))} | BS46: {=SUMPRODUCT(IFERROR(--Projects[المنفق الفعلي],0),--(Projects[القطاع]=$AU46),--(Projects[[الإدارة ]]=$AV46))} | BT46: {=SUMPRODUCT(IFERROR(--Projects[المخصص],0),--(Projects[القطاع]=$AU46),--(Projects[[الإدارة ]]=$AV46))} | BU46: {=SUMPRODUCT(IFERROR(--Projects[غير المخصص],0),--(Projects[القطاع]=$AU46),--(Projects[[الإدارة ]]=$AV46))} | BV46: =COUNTIFS(Special[اسم المشروع],"<>",Special[مشاريع سموه],"نعم",Special[القطاع],$AU46,Special[[الإدارة ]],$AV46&"") | BW46: =COUNTIFS(Special[اسم المشروع],"<>",Special[مشاريع سموه],"لا",Special[القطاع],$AU46,Special[[الإدارة ]],$AV46&"") | BX46: =BV46-BA46-BB46 | BY46: =BW46-BC46-BD46 | BZ46: =COUNTIFS(ECSAC[[الموضوع ]],"<>",ECSAC[تصنيف الموضوع],"الأجندة السنوية",ECSAC[القطاع],$AU46,ECSAC[الإدارة],$AV46&"") | CA46: =COUNTIFS(ECSAC[[الموضوع ]],"<>",ECSAC[تصنيف الموضوع],"مستجد",ECSAC[القطاع],$AU46,ECSAC[الإدارة],$AV46&"") | CB46: =COUNTIFS(ECSAC[مستوى الإنجاز],"قيد التطوير",ECSAC[القطاع],$AU46,ECSAC[الإدارة],$AV46&"")+COUNTIFS(ECSAC[مستوى الإنجاز],"قيد المراجعة",ECSAC[القطاع],$AU46,ECSAC[الإدارة],$AV46&"") | CC46: =COUNTIFS(ECSAC[مستوى الإنجاز],"جاهز للعرض",ECSAC[القطاع],$AU46,ECSAC[الإدارة],$AV46&"") | CD46: {=_xlfn.LET( _xlpm.topic,IFERROR(Resolutions[الموضوع],""), _xlpm.followup,TRIM(SUBSTITUTE(IFERROR(Resolutions[متطلبات المتابعة],""),CHAR(160)," ")), _xlpm.itemStatus,TRIM(SUBSTITUTE(IFERROR(Resolutions[مستوى الإنجاز],""),CHAR(160)," ")), _xlpm.sector,TRIM(SUBSTITUTE(IFERROR(Resolutions[القطاع],""),CHAR(160)," ")), _xlpm.dept,TRIM(SUBSTITUTE(IFERROR(Resolutions[الإدارة],""),CHAR(160)," ")), SUMPRODUCT( --(_xlpm.topic<>""), --(((_xlpm.followup="رسالة رسمية")+(_xlpm.followup="بريد من الوحدة التنظيمية"))>0), --(((_xlpm.itemStatus="قيد التطوير")+(_xlpm.itemStatus="قيد المراجعة"))>0), --(_xlpm.sector=TRIM(SUBSTITUTE($AU46,CHAR(160)," "))), --(_xlpm.dept=TRIM(SUBSTITUTE($AV46,CHAR(160)," "))) ) )} | CE46: =COUNTIFS(Projects[مستوى الإنجاز],"Active",Projects[القطاع],$AU46,Projects[[الإدارة ]],$AV46&"") | CF46: =COUNTIFS(Projects[مستوى الإنجاز],"Cancelled",Projects[القطاع],$AU46,Projects[[الإدارة ]],$AV46&"")+COUNTIFS(Projects[مستوى الإنجاز],"Frozen",Projects[القطاع],$AU46,Projects[[الإدارة ]],$AV46&"") | CG46: =COUNTIFS(Projects[الربع],"Q1",Projects[القطاع],$AU46,Projects[[الإدارة ]],$AV46&"") | CH46: =COUNTIFS(Projects[الربع],"Q2",Projects[القطاع],$AU46,Projects[[الإدارة ]],$AV46&"") | CI46: =COUNTIFS(Projects[الربع],"Q3",Projects[القطاع],$AU46,Projects[[الإدارة ]],$AV46&"") | CJ46: =COUNTIFS(Projects[الربع],"Q4",Projects[القطاع],$AU46,Projects[[الإدارة ]],$AV46&"")
AU47: الاقتصاد والتنمية الاجتماعية | AW47: الشهر الحالي | AX47: {=_xlfn.LET( _xlpm.results,Strategy[[نتيجة العام ]], SUMPRODUCT( --(Strategy[المؤشر]<>"")* --ISNUMBER(_xlpm.results)* --(_xlpm.results<>0)* --(Strategy[القطاع]=($AU47&""))* --(Strategy[الإدارة]=($AV47&"")) ) )} | AY47: =IFERROR( AVERAGEIFS( Strategy[[نتيجة العام ]], Strategy[المؤشر],"<>", Strategy[[نتيجة العام ]],"<>0", Strategy[القطاع],$AU47&"", Strategy[الإدارة],$AV47&"" ), "" ) | AZ47: =COUNTIFS(Special[اسم المشروع],"<>",Special[القطاع],$AU47&"",Special[[الإدارة ]],$AV47&"") | BA47: =COUNTIFS(Special[مستوى الإنجاز],"منجز",Special[مشاريع سموه],"نعم",Special[القطاع],$AU47&"",Special[[الإدارة ]],$AV47&"") | BB47: =COUNTIFS(Special[مستوى الإنجاز],"متأخر",Special[مشاريع سموه],"نعم",Special[القطاع],$AU47&"",Special[[الإدارة ]],$AV47&"") | BC47: =COUNTIFS(Special[مستوى الإنجاز],"منجز",Special[مشاريع سموه],"لا",Special[القطاع],$AU47&"",Special[[الإدارة ]],$AV47&"") | BD47: =COUNTIFS(Special[مستوى الإنجاز],"متأخر",Special[مشاريع سموه],"لا",Special[القطاع],$AU47&"",Special[[الإدارة ]],$AV47&"") | BE47: =COUNTIFS(ECSAC[[الموضوع ]],"<>",ECSAC[القطاع],$AU47&"",ECSAC[الإدارة],$AV47&"") | BF47: =COUNTIFS(ECSAC[مستوى الإنجاز],"منجز",ECSAC[القطاع],$AU47&"",ECSAC[الإدارة],$AV47&"") | BG47: =COUNTIFS(ECSAC[مستوى الإنجاز],"متأخر",ECSAC[القطاع],$AU47&"",ECSAC[الإدارة],$AV47&"") | BH47: {=_xlfn.LET( _xlpm.topic,IFERROR(Resolutions[الموضوع],""), _xlpm.followup,TRIM(SUBSTITUTE(IFERROR(Resolutions[متطلبات المتابعة],""),CHAR(160)," ")), _xlpm.sector,TRIM(SUBSTITUTE(IFERROR(Resolutions[القطاع],""),CHAR(160)," ")), _xlpm.dept,TRIM(SUBSTITUTE(IFERROR(Resolutions[الإدارة],""),CHAR(160)," ")), SUMPRODUCT( --(_xlpm.topic<>""), --(((_xlpm.followup="رسالة رسمية")+(_xlpm.followup="بريد من الوحدة التنظيمية"))>0), --(_xlpm.sector=TRIM(SUBSTITUTE($AU47,CHAR(160)," "))), --(_xlpm.dept=TRIM(SUBSTITUTE($AV47,CHAR(160)," "))) ) )} | BI47: {=_xlfn.LET( _xlpm.topic,IFERROR(Resolutions[الموضوع],""), _xlpm.followup,TRIM(SUBSTITUTE(IFERROR(Resolutions[متطلبات المتابعة],""),CHAR(160)," ")), _xlpm.itemStatus,TRIM(SUBSTITUTE(IFERROR(Resolutions[مستوى الإنجاز],""),CHAR(160)," ")), _xlpm.sector,TRIM(SUBSTITUTE(IFERROR(Resolutions[القطاع],""),CHAR(160)," ")), _xlpm.dept,TRIM(SUBSTITUTE(IFERROR(Resolutions[الإدارة],""),CHAR(160)," ")), SUMPRODUCT( --(_xlpm.topic<>""), --(((_xlpm.followup="رسالة رسمية")+(_xlpm.followup="بريد من الوحدة التنظيمية"))>0), --(_xlpm.itemStatus="منجز"), --(_xlpm.sector=TRIM(SUBSTITUTE($AU47,CHAR(160)," "))), --(_xlpm.dept=TRIM(SUBSTITUTE($AV47,CHAR(160)," "))) ) )} | BJ47: {=_xlfn.LET( _xlpm.topic,IFERROR(Resolutions[الموضوع],""), _xlpm.followup,TRIM(SUBSTITUTE(IFERROR(Resolutions[متطلبات المتابعة],""),CHAR(160)," ")), _xlpm.itemStatus,TRIM(SUBSTITUTE(IFERROR(Resolutions[مستوى الإنجاز],""),CHAR(160)," ")), _xlpm.sector,TRIM(SUBSTITUTE(IFERROR(Resolutions[القطاع],""),CHAR(160)," ")), _xlpm.dept,TRIM(SUBSTITUTE(IFERROR(Resolutions[الإدارة],""),CHAR(160)," ")), SUMPRODUCT( --(_xlpm.topic<>""), --(((_xlpm.followup="رسالة رسمية")+(_xlpm.followup="بريد من الوحدة التنظيمية"))>0), --(_xlpm.itemStatus="متأخر"), --(_xlpm.sector=TRIM(SUBSTITUTE($AU47,CHAR(160)," "))), --(_xlpm.dept=TRIM(SUBSTITUTE($AV47,CHAR(160)," "))) ) )} | BK47: =COUNTIFS(Projects[اسم المشروع],"<>",Projects[القطاع],$AU47&"",Projects[[الإدارة ]],$AV47&"") | BL47: =COUNTIFS(Projects[مستوى الإنجاز],"Completed",Projects[القطاع],$AU47&"",Projects[[الإدارة ]],$AV47&"") | BM47: =COUNTIFS(Projects[Late KPI],"Late",Projects[القطاع],$AU47&"",Projects[[الإدارة ]],$AV47&"") | BN47: =COUNTIFS(Legislations[[عنوان التشريع ]],"<>",Legislations[القطاع],$AU47&"",Legislations[الإدارة],$AV47&"") | BO47: =COUNTIFS(Legislations[مؤشرات الأداء],"في الموعد",Legislations[تجاوز الموعد],"<>متأخر",Legislations[القطاع],$AU47&"",Legislations[الإدارة],$AV47&"") | BP47: =COUNTIFS(Legislations[مؤشرات الأداء],"في الموعد",Legislations[تجاوز الموعد],"متأخر",Legislations[القطاع],$AU47&"",Legislations[الإدارة],$AV47&"") | BQ47: =COUNTIFS(Legislations[Late KPI],"متأخر",Legislations[القطاع],$AU47&"",Legislations[الإدارة],$AV47&"") | BR47: {=SUMPRODUCT(IFERROR(--Projects[الموازنة المعتمدة الجديدة],0),--(Projects[القطاع]=$AU47),--(Projects[[الإدارة ]]=$AV47))} | BS47: {=SUMPRODUCT(IFERROR(--Projects[المنفق الفعلي],0),--(Projects[القطاع]=$AU47),--(Projects[[الإدارة ]]=$AV47))} | BT47: {=SUMPRODUCT(IFERROR(--Projects[المخصص],0),--(Projects[القطاع]=$AU47),--(Projects[[الإدارة ]]=$AV47))} | BU47: {=SUMPRODUCT(IFERROR(--Projects[غير المخصص],0),--(Projects[القطاع]=$AU47),--(Projects[[الإدارة ]]=$AV47))} | BV47: =COUNTIFS(Special[اسم المشروع],"<>",Special[مشاريع سموه],"نعم",Special[القطاع],$AU47,Special[[الإدارة ]],$AV47&"") | BW47: =COUNTIFS(Special[اسم المشروع],"<>",Special[مشاريع سموه],"لا",Special[القطاع],$AU47,Special[[الإدارة ]],$AV47&"") | BX47: =BV47-BA47-BB47 | BY47: =BW47-BC47-BD47 | BZ47: =COUNTIFS(ECSAC[[الموضوع ]],"<>",ECSAC[تصنيف الموضوع],"الأجندة السنوية",ECSAC[القطاع],$AU47,ECSAC[الإدارة],$AV47&"") | CA47: =COUNTIFS(ECSAC[[الموضوع ]],"<>",ECSAC[تصنيف الموضوع],"مستجد",ECSAC[القطاع],$AU47,ECSAC[الإدارة],$AV47&"") | CB47: =COUNTIFS(ECSAC[مستوى الإنجاز],"قيد التطوير",ECSAC[القطاع],$AU47,ECSAC[الإدارة],$AV47&"")+COUNTIFS(ECSAC[مستوى الإنجاز],"قيد المراجعة",ECSAC[القطاع],$AU47,ECSAC[الإدارة],$AV47&"") | CC47: =COUNTIFS(ECSAC[مستوى الإنجاز],"جاهز للعرض",ECSAC[القطاع],$AU47,ECSAC[الإدارة],$AV47&"") | CD47: {=_xlfn.LET( _xlpm.topic,IFERROR(Resolutions[الموضوع],""), _xlpm.followup,TRIM(SUBSTITUTE(IFERROR(Resolutions[متطلبات المتابعة],""),CHAR(160)," ")), _xlpm.itemStatus,TRIM(SUBSTITUTE(IFERROR(Resolutions[مستوى الإنجاز],""),CHAR(160)," ")), _xlpm.sector,TRIM(SUBSTITUTE(IFERROR(Resolutions[القطاع],""),CHAR(160)," ")), _xlpm.dept,TRIM(SUBSTITUTE(IFERROR(Resolutions[الإدارة],""),CHAR(160)," ")), SUMPRODUCT( --(_xlpm.topic<>""), --(((_xlpm.followup="رسالة رسمية")+(_xlpm.followup="بريد من الوحدة التنظيمية"))>0), --(((_xlpm.itemStatus="قيد التطوير")+(_xlpm.itemStatus="قيد المراجعة"))>0), --(_xlpm.sector=TRIM(SUBSTITUTE($AU47,CHAR(160)," "))), --(_xlpm.dept=TRIM(SUBSTITUTE($AV47,CHAR(160)," "))) ) )} | CE47: =COUNTIFS(Projects[مستوى الإنجاز],"Active",Projects[القطاع],$AU47,Projects[[الإدارة ]],$AV47&"") | CF47: =COUNTIFS(Projects[مستوى الإنجاز],"Cancelled",Projects[القطاع],$AU47,Projects[[الإدارة ]],$AV47&"")+COUNTIFS(Projects[مستوى الإنجاز],"Frozen",Projects[القطاع],$AU47,Projects[[الإدارة ]],$AV47&"") | CG47: =COUNTIFS(Projects[الربع],"Q1",Projects[القطاع],$AU47,Projects[[الإدارة ]],$AV47&"") | CH47: =COUNTIFS(Projects[الربع],"Q2",Projects[القطاع],$AU47,Projects[[الإدارة ]],$AV47&"") | CI47: =COUNTIFS(Projects[الربع],"Q3",Projects[القطاع],$AU47,Projects[[الإدارة ]],$AV47&"") | CJ47: =COUNTIFS(Projects[الربع],"Q4",Projects[القطاع],$AU47,Projects[[الإدارة ]],$AV47&"")
AU48: التميز والخدمات الحكومية | AV48: التميز والخدمات الحكومية | AW48: الشهر الحالي | AX48: {=_xlfn.LET( _xlpm.results,Strategy[[نتيجة العام ]], SUMPRODUCT( --(Strategy[المؤشر]<>"")* --ISNUMBER(_xlpm.results)* --(_xlpm.results<>0)* --(Strategy[القطاع]=($AU48&""))* --(Strategy[الإدارة]=($AV48&"")) ) )} | AY48: =IFERROR( AVERAGEIFS( Strategy[[نتيجة العام ]], Strategy[المؤشر],"<>", Strategy[[نتيجة العام ]],"<>0", Strategy[القطاع],$AU48&"", Strategy[الإدارة],$AV48&"" ), "" ) | AZ48: =COUNTIFS(Special[اسم المشروع],"<>",Special[القطاع],$AU48&"",Special[[الإدارة ]],$AV48&"") | BA48: =COUNTIFS(Special[مستوى الإنجاز],"منجز",Special[مشاريع سموه],"نعم",Special[القطاع],$AU48&"",Special[[الإدارة ]],$AV48&"") | BB48: =COUNTIFS(Special[مستوى الإنجاز],"متأخر",Special[مشاريع سموه],"نعم",Special[القطاع],$AU48&"",Special[[الإدارة ]],$AV48&"") | BC48: =COUNTIFS(Special[مستوى الإنجاز],"منجز",Special[مشاريع سموه],"لا",Special[القطاع],$AU48&"",Special[[الإدارة ]],$AV48&"") | BD48: =COUNTIFS(Special[مستوى الإنجاز],"متأخر",Special[مشاريع سموه],"لا",Special[القطاع],$AU48&"",Special[[الإدارة ]],$AV48&"") | BE48: =COUNTIFS(ECSAC[[الموضوع ]],"<>",ECSAC[القطاع],$AU48&"",ECSAC[الإدارة],$AV48&"") | BF48: =COUNTIFS(ECSAC[مستوى الإنجاز],"منجز",ECSAC[القطاع],$AU48&"",ECSAC[الإدارة],$AV48&"") | BG48: =COUNTIFS(ECSAC[مستوى الإنجاز],"متأخر",ECSAC[القطاع],$AU48&"",ECSAC[الإدارة],$AV48&"") | BH48: {=_xlfn.LET( _xlpm.topic,IFERROR(Resolutions[الموضوع],""), _xlpm.followup,TRIM(SUBSTITUTE(IFERROR(Resolutions[متطلبات المتابعة],""),CHAR(160)," ")), _xlpm.sector,TRIM(SUBSTITUTE(IFERROR(Resolutions[القطاع],""),CHAR(160)," ")), _xlpm.dept,TRIM(SUBSTITUTE(IFERROR(Resolutions[الإدارة],""),CHAR(160)," ")), SUMPRODUCT( --(_xlpm.topic<>""), --(((_xlpm.followup="رسالة رسمية")+(_xlpm.followup="بريد من الوحدة التنظيمية"))>0), --(_xlpm.sector=TRIM(SUBSTITUTE($AU48,CHAR(160)," "))), --(_xlpm.dept=TRIM(SUBSTITUTE($AV48,CHAR(160)," "))) ) )} | BI48: {=_xlfn.LET( _xlpm.topic,IFERROR(Resolutions[الموضوع],""), _xlpm.followup,TRIM(SUBSTITUTE(IFERROR(Resolutions[متطلبات المتابعة],""),CHAR(160)," ")), _xlpm.itemStatus,TRIM(SUBSTITUTE(IFERROR(Resolutions[مستوى الإنجاز],""),CHAR(160)," ")), _xlpm.sector,TRIM(SUBSTITUTE(IFERROR(Resolutions[القطاع],""),CHAR(160)," ")), _xlpm.dept,TRIM(SUBSTITUTE(IFERROR(Resolutions[الإدارة],""),CHAR(160)," ")), SUMPRODUCT( --(_xlpm.topic<>""), --(((_xlpm.followup="رسالة رسمية")+(_xlpm.followup="بريد من الوحدة التنظيمية"))>0), --(_xlpm.itemStatus="منجز"), --(_xlpm.sector=TRIM(SUBSTITUTE($AU48,CHAR(160)," "))), --(_xlpm.dept=TRIM(SUBSTITUTE($AV48,CHAR(160)," "))) ) )} | BJ48: {=_xlfn.LET( _xlpm.topic,IFERROR(Resolutions[الموضوع],""), _xlpm.followup,TRIM(SUBSTITUTE(IFERROR(Resolutions[متطلبات المتابعة],""),CHAR(160)," ")), _xlpm.itemStatus,TRIM(SUBSTITUTE(IFERROR(Resolutions[مستوى الإنجاز],""),CHAR(160)," ")), _xlpm.sector,TRIM(SUBSTITUTE(IFERROR(Resolutions[القطاع],""),CHAR(160)," ")), _xlpm.dept,TRIM(SUBSTITUTE(IFERROR(Resolutions[الإدارة],""),CHAR(160)," ")), SUMPRODUCT( --(_xlpm.topic<>""), --(((_xlpm.followup="رسالة رسمية")+(_xlpm.followup="بريد من الوحدة التنظيمية"))>0), --(_xlpm.itemStatus="متأخر"), --(_xlpm.sector=TRIM(SUBSTITUTE($AU48,CHAR(160)," "))), --(_xlpm.dept=TRIM(SUBSTITUTE($AV48,CHAR(160)," "))) ) )} | BK48: =COUNTIFS(Projects[اسم المشروع],"<>",Projects[القطاع],$AU48&"",Projects[[الإدارة ]],$AV48&"") | BL48: =COUNTIFS(Projects[مستوى الإنجاز],"Completed",Projects[القطاع],$AU48&"",Projects[[الإدارة ]],$AV48&"") | BM48: =COUNTIFS(Projects[Late KPI],"Late",Projects[القطاع],$AU48&"",Projects[[الإدارة ]],$AV48&"") | BN48: =COUNTIFS(Legislations[[عنوان التشريع ]],"<>",Legislations[القطاع],$AU48&"",Legislations[الإدارة],$AV48&"") | BO48: =COUNTIFS(Legislations[مؤشرات الأداء],"في الموعد",Legislations[تجاوز الموعد],"<>متأخر",Legislations[القطاع],$AU48&"",Legislations[الإدارة],$AV48&"") | BP48: =COUNTIFS(Legislations[مؤشرات الأداء],"في الموعد",Legislations[تجاوز الموعد],"متأخر",Legislations[القطاع],$AU48&"",Legislations[الإدارة],$AV48&"") | BQ48: =COUNTIFS(Legislations[Late KPI],"متأخر",Legislations[القطاع],$AU48&"",Legislations[الإدارة],$AV48&"") | BR48: {=SUMPRODUCT(IFERROR(--Projects[الموازنة المعتمدة الجديدة],0),--(Projects[القطاع]=$AU48),--(Projects[[الإدارة ]]=$AV48))} | BS48: {=SUMPRODUCT(IFERROR(--Projects[المنفق الفعلي],0),--(Projects[القطاع]=$AU48),--(Projects[[الإدارة ]]=$AV48))} | BT48: {=SUMPRODUCT(IFERROR(--Projects[المخصص],0),--(Projects[القطاع]=$AU48),--(Projects[[الإدارة ]]=$AV48))} | BU48: {=SUMPRODUCT(IFERROR(--Projects[غير المخصص],0),--(Projects[القطاع]=$AU48),--(Projects[[الإدارة ]]=$AV48))} | BV48: =COUNTIFS(Special[اسم المشروع],"<>",Special[مشاريع سموه],"نعم",Special[القطاع],$AU48,Special[[الإدارة ]],$AV48&"") | BW48: =COUNTIFS(Special[اسم المشروع],"<>",Special[مشاريع سموه],"لا",Special[القطاع],$AU48,Special[[الإدارة ]],$AV48&"") | BX48: =BV48-BA48-BB48 | BY48: =BW48-BC48-BD48 | BZ48: =COUNTIFS(ECSAC[[الموضوع ]],"<>",ECSAC[تصنيف الموضوع],"الأجندة السنوية",ECSAC[القطاع],$AU48,ECSAC[الإدارة],$AV48&"") | CA48: =COUNTIFS(ECSAC[[الموضوع ]],"<>",ECSAC[تصنيف الموضوع],"مستجد",ECSAC[القطاع],$AU48,ECSAC[الإدارة],$AV48&"") | CB48: =COUNTIFS(ECSAC[مستوى الإنجاز],"قيد التطوير",ECSAC[القطاع],$AU48,ECSAC[الإدارة],$AV48&"")+COUNTIFS(ECSAC[مستوى الإنجاز],"قيد المراجعة",ECSAC[القطاع],$AU48,ECSAC[الإدارة],$AV48&"") | CC48: =COUNTIFS(ECSAC[مستوى الإنجاز],"جاهز للعرض",ECSAC[القطاع],$AU48,ECSAC[الإدارة],$AV48&"") | CD48: {=_xlfn.LET( _xlpm.topic,IFERROR(Resolutions[الموضوع],""), _xlpm.followup,TRIM(SUBSTITUTE(IFERROR(Resolutions[متطلبات المتابعة],""),CHAR(160)," ")), _xlpm.itemStatus,TRIM(SUBSTITUTE(IFERROR(Resolutions[مستوى الإنجاز],""),CHAR(160)," ")), _xlpm.sector,TRIM(SUBSTITUTE(IFERROR(Resolutions[القطاع],""),CHAR(160)," ")), _xlpm.dept,TRIM(SUBSTITUTE(IFERROR(Resolutions[الإدارة],""),CHAR(160)," ")), SUMPRODUCT( --(_xlpm.topic<>""), --(((_xlpm.followup="رسالة رسمية")+(_xlpm.followup="بريد من الوحدة التنظيمية"))>0), --(((_xlpm.itemStatus="قيد التطوير")+(_xlpm.itemStatus="قيد المراجعة"))>0), --(_xlpm.sector=TRIM(SUBSTITUTE($AU48,CHAR(160)," "))), --(_xlpm.dept=TRIM(SUBSTITUTE($AV48,CHAR(160)," "))) ) )} | CE48: =COUNTIFS(Projects[مستوى الإنجاز],"Active",Projects[القطاع],$AU48,Projects[[الإدارة ]],$AV48&"") | CF48: =COUNTIFS(Projects[مستوى الإنجاز],"Cancelled",Projects[القطاع],$AU48,Projects[[الإدارة ]],$AV48&"")+COUNTIFS(Projects[مستوى الإنجاز],"Frozen",Projects[القطاع],$AU48,Projects[[الإدارة ]],$AV48&"") | CG48: =COUNTIFS(Projects[الربع],"Q1",Projects[القطاع],$AU48,Projects[[الإدارة ]],$AV48&"") | CH48: =COUNTIFS(Projects[الربع],"Q2",Projects[القطاع],$AU48,Projects[[الإدارة ]],$AV48&"") | CI48: =COUNTIFS(Projects[الربع],"Q3",Projects[القطاع],$AU48,Projects[[الإدارة ]],$AV48&"") | CJ48: =COUNTIFS(Projects[الربع],"Q4",Projects[القطاع],$AU48,Projects[[الإدارة ]],$AV48&"")
AU49: التميز والخدمات الحكومية | AV49: التقييم والدراسات | AW49: الشهر الحالي | AX49: {=_xlfn.LET( _xlpm.results,Strategy[[نتيجة العام ]], SUMPRODUCT( --(Strategy[المؤشر]<>"")* --ISNUMBER(_xlpm.results)* --(_xlpm.results<>0)* --(Strategy[القطاع]=($AU49&""))* --(Strategy[الإدارة]=($AV49&"")) ) )} | AY49: =IFERROR( AVERAGEIFS( Strategy[[نتيجة العام ]], Strategy[المؤشر],"<>", Strategy[[نتيجة العام ]],"<>0", Strategy[القطاع],$AU49&"", Strategy[الإدارة],$AV49&"" ), "" ) | AZ49: =COUNTIFS(Special[اسم المشروع],"<>",Special[القطاع],$AU49&"",Special[[الإدارة ]],$AV49&"") | BA49: =COUNTIFS(Special[مستوى الإنجاز],"منجز",Special[مشاريع سموه],"نعم",Special[القطاع],$AU49&"",Special[[الإدارة ]],$AV49&"") | BB49: =COUNTIFS(Special[مستوى الإنجاز],"متأخر",Special[مشاريع سموه],"نعم",Special[القطاع],$AU49&"",Special[[الإدارة ]],$AV49&"") | BC49: =COUNTIFS(Special[مستوى الإنجاز],"منجز",Special[مشاريع سموه],"لا",Special[القطاع],$AU49&"",Special[[الإدارة ]],$AV49&"") | BD49: =COUNTIFS(Special[مستوى الإنجاز],"متأخر",Special[مشاريع سموه],"لا",Special[القطاع],$AU49&"",Special[[الإدارة ]],$AV49&"") | BE49: =COUNTIFS(ECSAC[[الموضوع ]],"<>",ECSAC[القطاع],$AU49&"",ECSAC[الإدارة],$AV49&"") | BF49: =COUNTIFS(ECSAC[مستوى الإنجاز],"منجز",ECSAC[القطاع],$AU49&"",ECSAC[الإدارة],$AV49&"") | BG49: =COUNTIFS(ECSAC[مستوى الإنجاز],"متأخر",ECSAC[القطاع],$AU49&"",ECSAC[الإدارة],$AV49&"") | BH49: {=_xlfn.LET( _xlpm.topic,IFERROR(Resolutions[الموضوع],""), _xlpm.followup,TRIM(SUBSTITUTE(IFERROR(Resolutions[متطلبات المتابعة],""),CHAR(160)," ")), _xlpm.sector,TRIM(SUBSTITUTE(IFERROR(Resolutions[القطاع],""),CHAR(160)," ")), _xlpm.dept,TRIM(SUBSTITUTE(IFERROR(Resolutions[الإدارة],""),CHAR(160)," ")), SUMPRODUCT( --(_xlpm.topic<>""), --(((_xlpm.followup="رسالة رسمية")+(_xlpm.followup="بريد من الوحدة التنظيمية"))>0), --(_xlpm.sector=TRIM(SUBSTITUTE($AU49,CHAR(160)," "))), --(_xlpm.dept=TRIM(SUBSTITUTE($AV49,CHAR(160)," "))) ) )} | BI49: {=_xlfn.LET( _xlpm.topic,IFERROR(Resolutions[الموضوع],""), _xlpm.followup,TRIM(SUBSTITUTE(IFERROR(Resolutions[متطلبات المتابعة],""),CHAR(160)," ")), _xlpm.itemStatus,TRIM(SUBSTITUTE(IFERROR(Resolutions[مستوى الإنجاز],""),CHAR(160)," ")), _xlpm.sector,TRIM(SUBSTITUTE(IFERROR(Resolutions[القطاع],""),CHAR(160)," ")), _xlpm.dept,TRIM(SUBSTITUTE(IFERROR(Resolutions[الإدارة],""),CHAR(160)," ")), SUMPRODUCT( --(_xlpm.topic<>""), --(((_xlpm.followup="رسالة رسمية")+(_xlpm.followup="بريد من الوحدة التنظيمية"))>0), --(_xlpm.itemStatus="منجز"), --(_xlpm.sector=TRIM(SUBSTITUTE($AU49,CHAR(160)," "))), --(_xlpm.dept=TRIM(SUBSTITUTE($AV49,CHAR(160)," "))) ) )} | BJ49: {=_xlfn.LET( _xlpm.topic,IFERROR(Resolutions[الموضوع],""), _xlpm.followup,TRIM(SUBSTITUTE(IFERROR(Resolutions[متطلبات المتابعة],""),CHAR(160)," ")), _xlpm.itemStatus,TRIM(SUBSTITUTE(IFERROR(Resolutions[مستوى الإنجاز],""),CHAR(160)," ")), _xlpm.sector,TRIM(SUBSTITUTE(IFERROR(Resolutions[القطاع],""),CHAR(160)," ")), _xlpm.dept,TRIM(SUBSTITUTE(IFERROR(Resolutions[الإدارة],""),CHAR(160)," ")), SUMPRODUCT( --(_xlpm.topic<>""), --(((_xlpm.followup="رسالة رسمية")+(_xlpm.followup="بريد من الوحدة التنظيمية"))>0), --(_xlpm.itemStatus="متأخر"), --(_xlpm.sector=TRIM(SUBSTITUTE($AU49,CHAR(160)," "))), --(_xlpm.dept=TRIM(SUBSTITUTE($AV49,CHAR(160)," "))) ) )} | BK49: =COUNTIFS(Projects[اسم المشروع],"<>",Projects[القطاع],$AU49&"",Projects[[الإدارة ]],$AV49&"") | BL49: =COUNTIFS(Projects[مستوى الإنجاز],"Completed",Projects[القطاع],$AU49&"",Projects[[الإدارة ]],$AV49&"") | BM49: =COUNTIFS(Projects[Late KPI],"Late",Projects[القطاع],$AU49&"",Projects[[الإدارة ]],$AV49&"") | BN49: =COUNTIFS(Legislations[[عنوان التشريع ]],"<>",Legislations[القطاع],$AU49&"",Legislations[الإدارة],$AV49&"") | BO49: =COUNTIFS(Legislations[مؤشرات الأداء],"في الموعد",Legislations[تجاوز الموعد],"<>متأخر",Legislations[القطاع],$AU49&"",Legislations[الإدارة],$AV49&"") | BP49: =COUNTIFS(Legislations[مؤشرات الأداء],"في الموعد",Legislations[تجاوز الموعد],"متأخر",Legislations[القطاع],$AU49&"",Legislations[الإدارة],$AV49&"") | BQ49: =COUNTIFS(Legislations[Late KPI],"متأخر",Legislations[القطاع],$AU49&"",Legislations[الإدارة],$AV49&"") | BR49: {=SUMPRODUCT(IFERROR(--Projects[الموازنة المعتمدة الجديدة],0),--(Projects[القطاع]=$AU49),--(Projects[[الإدارة ]]=$AV49))} | BS49: {=SUMPRODUCT(IFERROR(--Projects[المنفق الفعلي],0),--(Projects[القطاع]=$AU49),--(Projects[[الإدارة ]]=$AV49))} | BT49: {=SUMPRODUCT(IFERROR(--Projects[المخصص],0),--(Projects[القطاع]=$AU49),--(Projects[[الإدارة ]]=$AV49))} | BU49: {=SUMPRODUCT(IFERROR(--Projects[غير المخصص],0),--(Projects[القطاع]=$AU49),--(Projects[[الإدارة ]]=$AV49))} | BV49: =COUNTIFS(Special[اسم المشروع],"<>",Special[مشاريع سموه],"نعم",Special[القطاع],$AU49,Special[[الإدارة ]],$AV49&"") | BW49: =COUNTIFS(Special[اسم المشروع],"<>",Special[مشاريع سموه],"لا",Special[القطاع],$AU49,Special[[الإدارة ]],$AV49&"") | BX49: =BV49-BA49-BB49 | BY49: =BW49-BC49-BD49 | BZ49: =COUNTIFS(ECSAC[[الموضوع ]],"<>",ECSAC[تصنيف الموضوع],"الأجندة السنوية",ECSAC[القطاع],$AU49,ECSAC[الإدارة],$AV49&"") | CA49: =COUNTIFS(ECSAC[[الموضوع ]],"<>",ECSAC[تصنيف الموضوع],"مستجد",ECSAC[القطاع],$AU49,ECSAC[الإدارة],$AV49&"") | CB49: =COUNTIFS(ECSAC[مستوى الإنجاز],"قيد التطوير",ECSAC[القطاع],$AU49,ECSAC[الإدارة],$AV49&"")+COUNTIFS(ECSAC[مستوى الإنجاز],"قيد المراجعة",ECSAC[القطاع],$AU49,ECSAC[الإدارة],$AV49&"") | CC49: =COUNTIFS(ECSAC[مستوى الإنجاز],"جاهز للعرض",ECSAC[القطاع],$AU49,ECSAC[الإدارة],$AV49&"") | CD49: {=_xlfn.LET( _xlpm.topic,IFERROR(Resolutions[الموضوع],""), _xlpm.followup,TRIM(SUBSTITUTE(IFERROR(Resolutions[متطلبات المتابعة],""),CHAR(160)," ")), _xlpm.itemStatus,TRIM(SUBSTITUTE(IFERROR(Resolutions[مستوى الإنجاز],""),CHAR(160)," ")), _xlpm.sector,TRIM(SUBSTITUTE(IFERROR(Resolutions[القطاع],""),CHAR(160)," ")), _xlpm.dept,TRIM(SUBSTITUTE(IFERROR(Resolutions[الإدارة],""),CHAR(160)," ")), SUMPRODUCT( --(_xlpm.topic<>""), --(((_xlpm.followup="رسالة رسمية")+(_xlpm.followup="بريد من الوحدة التنظيمية"))>0), --(((_xlpm.itemStatus="قيد التطوير")+(_xlpm.itemStatus="قيد المراجعة"))>0), --(_xlpm.sector=TRIM(SUBSTITUTE($AU49,CHAR(160)," "))), --(_xlpm.dept=TRIM(SUBSTITUTE($AV49,CHAR(160)," "))) ) )} | CE49: =COUNTIFS(Projects[مستوى الإنجاز],"Active",Projects[القطاع],$AU49,Projects[[الإدارة ]],$AV49&"") | CF49: =COUNTIFS(Projects[مستوى الإنجاز],"Cancelled",Projects[القطاع],$AU49,Projects[[الإدارة ]],$AV49&"")+COUNTIFS(Projects[مستوى الإنجاز],"Frozen",Projects[القطاع],$AU49,Projects[[الإدارة ]],$AV49&"") | CG49: =COUNTIFS(Projects[الربع],"Q1",Projects[القطاع],$AU49,Projects[[الإدارة ]],$AV49&"") | CH49: =COUNTIFS(Projects[الربع],"Q2",Projects[القطاع],$AU49,Projects[[الإدارة ]],$AV49&"") | CI49: =COUNTIFS(Projects[الربع],"Q3",Projects[القطاع],$AU49,Projects[[الإدارة ]],$AV49&"") | CJ49: =COUNTIFS(Projects[الربع],"Q4",Projects[القطاع],$AU49,Projects[[الإدارة ]],$AV49&"")
AU50: التميز والخدمات الحكومية | AW50: الشهر الحالي | AX50: {=_xlfn.LET( _xlpm.results,Strategy[[نتيجة العام ]], SUMPRODUCT( --(Strategy[المؤشر]<>"")* --ISNUMBER(_xlpm.results)* --(_xlpm.results<>0)* --(Strategy[القطاع]=($AU50&""))* --(Strategy[الإدارة]=($AV50&"")) ) )} | AY50: =IFERROR( AVERAGEIFS( Strategy[[نتيجة العام ]], Strategy[المؤشر],"<>", Strategy[[نتيجة العام ]],"<>0", Strategy[القطاع],$AU50&"", Strategy[الإدارة],$AV50&"" ), "" ) | AZ50: =COUNTIFS(Special[اسم المشروع],"<>",Special[القطاع],$AU50&"",Special[[الإدارة ]],$AV50&"") | BA50: =COUNTIFS(Special[مستوى الإنجاز],"منجز",Special[مشاريع سموه],"نعم",Special[القطاع],$AU50&"",Special[[الإدارة ]],$AV50&"") | BB50: =COUNTIFS(Special[مستوى الإنجاز],"متأخر",Special[مشاريع سموه],"نعم",Special[القطاع],$AU50&"",Special[[الإدارة ]],$AV50&"") | BC50: =COUNTIFS(Special[مستوى الإنجاز],"منجز",Special[مشاريع سموه],"لا",Special[القطاع],$AU50&"",Special[[الإدارة ]],$AV50&"") | BD50: =COUNTIFS(Special[مستوى الإنجاز],"متأخر",Special[مشاريع سموه],"لا",Special[القطاع],$AU50&"",Special[[الإدارة ]],$AV50&"") | BE50: =COUNTIFS(ECSAC[[الموضوع ]],"<>",ECSAC[القطاع],$AU50&"",ECSAC[الإدارة],$AV50&"") | BF50: =COUNTIFS(ECSAC[مستوى الإنجاز],"منجز",ECSAC[القطاع],$AU50&"",ECSAC[الإدارة],$AV50&"") | BG50: =COUNTIFS(ECSAC[مستوى الإنجاز],"متأخر",ECSAC[القطاع],$AU50&"",ECSAC[الإدارة],$AV50&"") | BH50: {=_xlfn.LET( _xlpm.topic,IFERROR(Resolutions[الموضوع],""), _xlpm.followup,TRIM(SUBSTITUTE(IFERROR(Resolutions[متطلبات المتابعة],""),CHAR(160)," ")), _xlpm.sector,TRIM(SUBSTITUTE(IFERROR(Resolutions[القطاع],""),CHAR(160)," ")), _xlpm.dept,TRIM(SUBSTITUTE(IFERROR(Resolutions[الإدارة],""),CHAR(160)," ")), SUMPRODUCT( --(_xlpm.topic<>""), --(((_xlpm.followup="رسالة رسمية")+(_xlpm.followup="بريد من الوحدة التنظيمية"))>0), --(_xlpm.sector=TRIM(SUBSTITUTE($AU50,CHAR(160)," "))), --(_xlpm.dept=TRIM(SUBSTITUTE($AV50,CHAR(160)," "))) ) )} | BI50: {=_xlfn.LET( _xlpm.topic,IFERROR(Resolutions[الموضوع],""), _xlpm.followup,TRIM(SUBSTITUTE(IFERROR(Resolutions[متطلبات المتابعة],""),CHAR(160)," ")), _xlpm.itemStatus,TRIM(SUBSTITUTE(IFERROR(Resolutions[مستوى الإنجاز],""),CHAR(160)," ")), _xlpm.sector,TRIM(SUBSTITUTE(IFERROR(Resolutions[القطاع],""),CHAR(160)," ")), _xlpm.dept,TRIM(SUBSTITUTE(IFERROR(Resolutions[الإدارة],""),CHAR(160)," ")), SUMPRODUCT( --(_xlpm.topic<>""), --(((_xlpm.followup="رسالة رسمية")+(_xlpm.followup="بريد من الوحدة التنظيمية"))>0), --(_xlpm.itemStatus="منجز"), --(_xlpm.sector=TRIM(SUBSTITUTE($AU50,CHAR(160)," "))), --(_xlpm.dept=TRIM(SUBSTITUTE($AV50,CHAR(160)," "))) ) )} | BJ50: {=_xlfn.LET( _xlpm.topic,IFERROR(Resolutions[الموضوع],""), _xlpm.followup,TRIM(SUBSTITUTE(IFERROR(Resolutions[متطلبات المتابعة],""),CHAR(160)," ")), _xlpm.itemStatus,TRIM(SUBSTITUTE(IFERROR(Resolutions[مستوى الإنجاز],""),CHAR(160)," ")), _xlpm.sector,TRIM(SUBSTITUTE(IFERROR(Resolutions[القطاع],""),CHAR(160)," ")), _xlpm.dept,TRIM(SUBSTITUTE(IFERROR(Resolutions[الإدارة],""),CHAR(160)," ")), SUMPRODUCT( --(_xlpm.topic<>""), --(((_xlpm.followup="رسالة رسمية")+(_xlpm.followup="بريد من الوحدة التنظيمية"))>0), --(_xlpm.itemStatus="متأخر"), --(_xlpm.sector=TRIM(SUBSTITUTE($AU50,CHAR(160)," "))), --(_xlpm.dept=TRIM(SUBSTITUTE($AV50,CHAR(160)," "))) ) )} | BK50: =COUNTIFS(Projects[اسم المشروع],"<>",Projects[القطاع],$AU50&"",Projects[[الإدارة ]],$AV50&"") | BL50: =COUNTIFS(Projects[مستوى الإنجاز],"Completed",Projects[القطاع],$AU50&"",Projects[[الإدارة ]],$AV50&"") | BM50: =COUNTIFS(Projects[Late KPI],"Late",Projects[القطاع],$AU50&"",Projects[[الإدارة ]],$AV50&"") | BN50: =COUNTIFS(Legislations[[عنوان التشريع ]],"<>",Legislations[القطاع],$AU50&"",Legislations[الإدارة],$AV50&"") | BO50: =COUNTIFS(Legislations[مؤشرات الأداء],"في الموعد",Legislations[تجاوز الموعد],"<>متأخر",Legislations[القطاع],$AU50&"",Legislations[الإدارة],$AV50&"") | BP50: =COUNTIFS(Legislations[مؤشرات الأداء],"في الموعد",Legislations[تجاوز الموعد],"متأخر",Legislations[القطاع],$AU50&"",Legislations[الإدارة],$AV50&"") | BQ50: =COUNTIFS(Legislations[Late KPI],"متأخر",Legislations[القطاع],$AU50&"",Legislations[الإدارة],$AV50&"") | BR50: {=SUMPRODUCT(IFERROR(--Projects[الموازنة المعتمدة الجديدة],0),--(Projects[القطاع]=$AU50),--(Projects[[الإدارة ]]=$AV50))} | BS50: {=SUMPRODUCT(IFERROR(--Projects[المنفق الفعلي],0),--(Projects[القطاع]=$AU50),--(Projects[[الإدارة ]]=$AV50))} | BT50: {=SUMPRODUCT(IFERROR(--Projects[المخصص],0),--(Projects[القطاع]=$AU50),--(Projects[[الإدارة ]]=$AV50))} | BU50: {=SUMPRODUCT(IFERROR(--Projects[غير المخصص],0),--(Projects[القطاع]=$AU50),--(Projects[[الإدارة ]]=$AV50))} | BV50: =COUNTIFS(Special[اسم المشروع],"<>",Special[مشاريع سموه],"نعم",Special[القطاع],$AU50,Special[[الإدارة ]],$AV50&"") | BW50: =COUNTIFS(Special[اسم المشروع],"<>",Special[مشاريع سموه],"لا",Special[القطاع],$AU50,Special[[الإدارة ]],$AV50&"") | BX50: =BV50-BA50-BB50 | BY50: =BW50-BC50-BD50 | BZ50: =COUNTIFS(ECSAC[[الموضوع ]],"<>",ECSAC[تصنيف الموضوع],"الأجندة السنوية",ECSAC[القطاع],$AU50,ECSAC[الإدارة],$AV50&"") | CA50: =COUNTIFS(ECSAC[[الموضوع ]],"<>",ECSAC[تصنيف الموضوع],"مستجد",ECSAC[القطاع],$AU50,ECSAC[الإدارة],$AV50&"") | CB50: =COUNTIFS(ECSAC[مستوى الإنجاز],"قيد التطوير",ECSAC[القطاع],$AU50,ECSAC[الإدارة],$AV50&"")+COUNTIFS(ECSAC[مستوى الإنجاز],"قيد المراجعة",ECSAC[القطاع],$AU50,ECSAC[الإدارة],$AV50&"") | CC50: =COUNTIFS(ECSAC[مستوى الإنجاز],"جاهز للعرض",ECSAC[القطاع],$AU50,ECSAC[الإدارة],$AV50&"") | CD50: {=_xlfn.LET( _xlpm.topic,IFERROR(Resolutions[الموضوع],""), _xlpm.followup,TRIM(SUBSTITUTE(IFERROR(Resolutions[متطلبات المتابعة],""),CHAR(160)," ")), _xlpm.itemStatus,TRIM(SUBSTITUTE(IFERROR(Resolutions[مستوى الإنجاز],""),CHAR(160)," ")), _xlpm.sector,TRIM(SUBSTITUTE(IFERROR(Resolutions[القطاع],""),CHAR(160)," ")), _xlpm.dept,TRIM(SUBSTITUTE(IFERROR(Resolutions[الإدارة],""),CHAR(160)," ")), SUMPRODUCT( --(_xlpm.topic<>""), --(((_xlpm.followup="رسالة رسمية")+(_xlpm.followup="بريد من الوحدة التنظيمية"))>0), --(((_xlpm.itemStatus="قيد التطوير")+(_xlpm.itemStatus="قيد المراجعة"))>0), --(_xlpm.sector=TRIM(SUBSTITUTE($AU50,CHAR(160)," "))), --(_xlpm.dept=TRIM(SUBSTITUTE($AV50,CHAR(160)," "))) ) )} | CE50: =COUNTIFS(Projects[مستوى الإنجاز],"Active",Projects[القطاع],$AU50,Projects[[الإدارة ]],$AV50&"") | CF50: =COUNTIFS(Projects[مستوى الإنجاز],"Cancelled",Projects[القطاع],$AU50,Projects[[الإدارة ]],$AV50&"")+COUNTIFS(Projects[مستوى الإنجاز],"Frozen",Projects[القطاع],$AU50,Projects[[الإدارة ]],$AV50&"") | CG50: =COUNTIFS(Projects[الربع],"Q1",Projects[القطاع],$AU50,Projects[[الإدارة ]],$AV50&"") | CH50: =COUNTIFS(Projects[الربع],"Q2",Projects[القطاع],$AU50,Projects[[الإدارة ]],$AV50&"") | CI50: =COUNTIFS(Projects[الربع],"Q3",Projects[القطاع],$AU50,Projects[[الإدارة ]],$AV50&"") | CJ50: =COUNTIFS(Projects[الربع],"Q4",Projects[القطاع],$AU50,Projects[[الإدارة ]],$AV50&"")
AU51: التنمية المستدامة | AV51: السياسات والاستراتيجيات البيئية والبنية التحتية | AW51: الشهر الحالي | AX51: {=_xlfn.LET( _xlpm.results,Strategy[[نتيجة العام ]], SUMPRODUCT( --(Strategy[المؤشر]<>"")* --ISNUMBER(_xlpm.results)* --(_xlpm.results<>0)* --(Strategy[القطاع]=($AU51&""))* --(Strategy[الإدارة]=($AV51&"")) ) )} | AY51: =IFERROR( AVERAGEIFS( Strategy[[نتيجة العام ]], Strategy[المؤشر],"<>", Strategy[[نتيجة العام ]],"<>0", Strategy[القطاع],$AU51&"", Strategy[الإدارة],$AV51&"" ), "" ) | AZ51: =COUNTIFS(Special[اسم المشروع],"<>",Special[القطاع],$AU51&"",Special[[الإدارة ]],$AV51&"") | BA51: =COUNTIFS(Special[مستوى الإنجاز],"منجز",Special[مشاريع سموه],"نعم",Special[القطاع],$AU51&"",Special[[الإدارة ]],$AV51&"") | BB51: =COUNTIFS(Special[مستوى الإنجاز],"متأخر",Special[مشاريع سموه],"نعم",Special[القطاع],$AU51&"",Special[[الإدارة ]],$AV51&"") | BC51: =COUNTIFS(Special[مستوى الإنجاز],"منجز",Special[مشاريع سموه],"لا",Special[القطاع],$AU51&"",Special[[الإدارة ]],$AV51&"") | BD51: =COUNTIFS(Special[مستوى الإنجاز],"متأخر",Special[مشاريع سموه],"لا",Special[القطاع],$AU51&"",Special[[الإدارة ]],$AV51&"") | BE51: =COUNTIFS(ECSAC[[الموضوع ]],"<>",ECSAC[القطاع],$AU51&"",ECSAC[الإدارة],$AV51&"") | BF51: =COUNTIFS(ECSAC[مستوى الإنجاز],"منجز",ECSAC[القطاع],$AU51&"",ECSAC[الإدارة],$AV51&"") | BG51: =COUNTIFS(ECSAC[مستوى الإنجاز],"متأخر",ECSAC[القطاع],$AU51&"",ECSAC[الإدارة],$AV51&"") | BH51: {=_xlfn.LET( _xlpm.topic,IFERROR(Resolutions[الموضوع],""), _xlpm.followup,TRIM(SUBSTITUTE(IFERROR(Resolutions[متطلبات المتابعة],""),CHAR(160)," ")), _xlpm.sector,TRIM(SUBSTITUTE(IFERROR(Resolutions[القطاع],""),CHAR(160)," ")), _xlpm.dept,TRIM(SUBSTITUTE(IFERROR(Resolutions[الإدارة],""),CHAR(160)," ")), SUMPRODUCT( --(_xlpm.topic<>""), --(((_xlpm.followup="رسالة رسمية")+(_xlpm.followup="بريد من الوحدة التنظيمية"))>0), --(_xlpm.sector=TRIM(SUBSTITUTE($AU51,CHAR(160)," "))), --(_xlpm.dept=TRIM(SUBSTITUTE($AV51,CHAR(160)," "))) ) )} | BI51: {=_xlfn.LET( _xlpm.topic,IFERROR(Resolutions[الموضوع],""), _xlpm.followup,TRIM(SUBSTITUTE(IFERROR(Resolutions[متطلبات المتابعة],""),CHAR(160)," ")), _xlpm.itemStatus,TRIM(SUBSTITUTE(IFERROR(Resolutions[مستوى الإنجاز],""),CHAR(160)," ")), _xlpm.sector,TRIM(SUBSTITUTE(IFERROR(Resolutions[القطاع],""),CHAR(160)," ")), _xlpm.dept,TRIM(SUBSTITUTE(IFERROR(Resolutions[الإدارة],""),CHAR(160)," ")), SUMPRODUCT( --(_xlpm.topic<>""), --(((_xlpm.followup="رسالة رسمية")+(_xlpm.followup="بريد من الوحدة التنظيمية"))>0), --(_xlpm.itemStatus="منجز"), --(_xlpm.sector=TRIM(SUBSTITUTE($AU51,CHAR(160)," "))), --(_xlpm.dept=TRIM(SUBSTITUTE($AV51,CHAR(160)," "))) ) )} | BJ51: {=_xlfn.LET( _xlpm.topic,IFERROR(Resolutions[الموضوع],""), _xlpm.followup,TRIM(SUBSTITUTE(IFERROR(Resolutions[متطلبات المتابعة],""),CHAR(160)," ")), _xlpm.itemStatus,TRIM(SUBSTITUTE(IFERROR(Resolutions[مستوى الإنجاز],""),CHAR(160)," ")), _xlpm.sector,TRIM(SUBSTITUTE(IFERROR(Resolutions[القطاع],""),CHAR(160)," ")), _xlpm.dept,TRIM(SUBSTITUTE(IFERROR(Resolutions[الإدارة],""),CHAR(160)," ")), SUMPRODUCT( --(_xlpm.topic<>""), --(((_xlpm.followup="رسالة رسمية")+(_xlpm.followup="بريد من الوحدة التنظيمية"))>0), --(_xlpm.itemStatus="متأخر"), --(_xlpm.sector=TRIM(SUBSTITUTE($AU51,CHAR(160)," "))), --(_xlpm.dept=TRIM(SUBSTITUTE($AV51,CHAR(160)," "))) ) )} | BK51: =COUNTIFS(Projects[اسم المشروع],"<>",Projects[القطاع],$AU51&"",Projects[[الإدارة ]],$AV51&"") | BL51: =COUNTIFS(Projects[مستوى الإنجاز],"Completed",Projects[القطاع],$AU51&"",Projects[[الإدارة ]],$AV51&"") | BM51: =COUNTIFS(Projects[Late KPI],"Late",Projects[القطاع],$AU51&"",Projects[[الإدارة ]],$AV51&"") | BN51: =COUNTIFS(Legislations[[عنوان التشريع ]],"<>",Legislations[القطاع],$AU51&"",Legislations[الإدارة],$AV51&"") | BO51: =COUNTIFS(Legislations[مؤشرات الأداء],"في الموعد",Legislations[تجاوز الموعد],"<>متأخر",Legislations[القطاع],$AU51&"",Legislations[الإدارة],$AV51&"") | BP51: =COUNTIFS(Legislations[مؤشرات الأداء],"في الموعد",Legislations[تجاوز الموعد],"متأخر",Legislations[القطاع],$AU51&"",Legislations[الإدارة],$AV51&"") | BQ51: =COUNTIFS(Legislations[Late KPI],"متأخر",Legislations[القطاع],$AU51&"",Legislations[الإدارة],$AV51&"") | BR51: {=SUMPRODUCT(IFERROR(--Projects[الموازنة المعتمدة الجديدة],0),--(Projects[القطاع]=$AU51),--(Projects[[الإدارة ]]=$AV51))} | BS51: {=SUMPRODUCT(IFERROR(--Projects[المنفق الفعلي],0),--(Projects[القطاع]=$AU51),--(Projects[[الإدارة ]]=$AV51))} | BT51: {=SUMPRODUCT(IFERROR(--Projects[المخصص],0),--(Projects[القطاع]=$AU51),--(Projects[[الإدارة ]]=$AV51))} | BU51: {=SUMPRODUCT(IFERROR(--Projects[غير المخصص],0),--(Projects[القطاع]=$AU51),--(Projects[[الإدارة ]]=$AV51))} | BV51: =COUNTIFS(Special[اسم المشروع],"<>",Special[مشاريع سموه],"نعم",Special[القطاع],$AU51,Special[[الإدارة ]],$AV51&"") | BW51: =COUNTIFS(Special[اسم المشروع],"<>",Special[مشاريع سموه],"لا",Special[القطاع],$AU51,Special[[الإدارة ]],$AV51&"") | BX51: =BV51-BA51-BB51 | BY51: =BW51-BC51-BD51 | BZ51: =COUNTIFS(ECSAC[[الموضوع ]],"<>",ECSAC[تصنيف الموضوع],"الأجندة السنوية",ECSAC[القطاع],$AU51,ECSAC[الإدارة],$AV51&"") | CA51: =COUNTIFS(ECSAC[[الموضوع ]],"<>",ECSAC[تصنيف الموضوع],"مستجد",ECSAC[القطاع],$AU51,ECSAC[الإدارة],$AV51&"") | CB51: =COUNTIFS(ECSAC[مستوى الإنجاز],"قيد التطوير",ECSAC[القطاع],$AU51,ECSAC[الإدارة],$AV51&"")+COUNTIFS(ECSAC[مستوى الإنجاز],"قيد المراجعة",ECSAC[القطاع],$AU51,ECSAC[الإدارة],$AV51&"") | CC51: =COUNTIFS(ECSAC[مستوى الإنجاز],"جاهز للعرض",ECSAC[القطاع],$AU51,ECSAC[الإدارة],$AV51&"") | CD51: {=_xlfn.LET( _xlpm.topic,IFERROR(Resolutions[الموضوع],""), _xlpm.followup,TRIM(SUBSTITUTE(IFERROR(Resolutions[متطلبات المتابعة],""),CHAR(160)," ")), _xlpm.itemStatus,TRIM(SUBSTITUTE(IFERROR(Resolutions[مستوى الإنجاز],""),CHAR(160)," ")), _xlpm.sector,TRIM(SUBSTITUTE(IFERROR(Resolutions[القطاع],""),CHAR(160)," ")), _xlpm.dept,TRIM(SUBSTITUTE(IFERROR(Resolutions[الإدارة],""),CHAR(160)," ")), SUMPRODUCT( --(_xlpm.topic<>""), --(((_xlpm.followup="رسالة رسمية")+(_xlpm.followup="بريد من الوحدة التنظيمية"))>0), --(((_xlpm.itemStatus="قيد التطوير")+(_xlpm.itemStatus="قيد المراجعة"))>0), --(_xlpm.sector=TRIM(SUBSTITUTE($AU51,CHAR(160)," "))), --(_xlpm.dept=TRIM(SUBSTITUTE($AV51,CHAR(160)," "))) ) )} | CE51: =COUNTIFS(Projects[مستوى الإنجاز],"Active",Projects[القطاع],$AU51,Projects[[الإدارة ]],$AV51&"") | CF51: =COUNTIFS(Projects[مستوى الإنجاز],"Cancelled",Projects[القطاع],$AU51,Projects[[الإدارة ]],$AV51&"")+COUNTIFS(Projects[مستوى الإنجاز],"Frozen",Projects[القطاع],$AU51,Projects[[الإدارة ]],$AV51&"") | CG51: =COUNTIFS(Projects[الربع],"Q1",Projects[القطاع],$AU51,Projects[[الإدارة ]],$AV51&"") | CH51: =COUNTIFS(Projects[الربع],"Q2",Projects[القطاع],$AU51,Projects[[الإدارة ]],$AV51&"") | CI51: =COUNTIFS(Projects[الربع],"Q3",Projects[القطاع],$AU51,Projects[[الإدارة ]],$AV51&"") | CJ51: =COUNTIFS(Projects[الربع],"Q4",Projects[القطاع],$AU51,Projects[[الإدارة ]],$AV51&"")
AU52: التنمية المستدامة | AV52: السياسات والاستراتيجيات الصحية والعدل | AW52: الشهر الحالي | AX52: {=_xlfn.LET( _xlpm.results,Strategy[[نتيجة العام ]], SUMPRODUCT( --(Strategy[المؤشر]<>"")* --ISNUMBER(_xlpm.results)* --(_xlpm.results<>0)* --(Strategy[القطاع]=($AU52&""))* --(Strategy[الإدارة]=($AV52&"")) ) )} | AY52: =IFERROR( AVERAGEIFS( Strategy[[نتيجة العام ]], Strategy[المؤشر],"<>", Strategy[[نتيجة العام ]],"<>0", Strategy[القطاع],$AU52&"", Strategy[الإدارة],$AV52&"" ), "" ) | AZ52: =COUNTIFS(Special[اسم المشروع],"<>",Special[القطاع],$AU52&"",Special[[الإدارة ]],$AV52&"") | BA52: =COUNTIFS(Special[مستوى الإنجاز],"منجز",Special[مشاريع سموه],"نعم",Special[القطاع],$AU52&"",Special[[الإدارة ]],$AV52&"") | BB52: =COUNTIFS(Special[مستوى الإنجاز],"متأخر",Special[مشاريع سموه],"نعم",Special[القطاع],$AU52&"",Special[[الإدارة ]],$AV52&"") | BC52: =COUNTIFS(Special[مستوى الإنجاز],"منجز",Special[مشاريع سموه],"لا",Special[القطاع],$AU52&"",Special[[الإدارة ]],$AV52&"") | BD52: =COUNTIFS(Special[مستوى الإنجاز],"متأخر",Special[مشاريع سموه],"لا",Special[القطاع],$AU52&"",Special[[الإدارة ]],$AV52&"") | BE52: =COUNTIFS(ECSAC[[الموضوع ]],"<>",ECSAC[القطاع],$AU52&"",ECSAC[الإدارة],$AV52&"") | BF52: =COUNTIFS(ECSAC[مستوى الإنجاز],"منجز",ECSAC[القطاع],$AU52&"",ECSAC[الإدارة],$AV52&"") | BG52: =COUNTIFS(ECSAC[مستوى الإنجاز],"متأخر",ECSAC[القطاع],$AU52&"",ECSAC[الإدارة],$AV52&"") | BH52: {=_xlfn.LET( _xlpm.topic,IFERROR(Resolutions[الموضوع],""), _xlpm.followup,TRIM(SUBSTITUTE(IFERROR(Resolutions[متطلبات المتابعة],""),CHAR(160)," ")), _xlpm.sector,TRIM(SUBSTITUTE(IFERROR(Resolutions[القطاع],""),CHAR(160)," ")), _xlpm.dept,TRIM(SUBSTITUTE(IFERROR(Resolutions[الإدارة],""),CHAR(160)," ")), SUMPRODUCT( --(_xlpm.topic<>""), --(((_xlpm.followup="رسالة رسمية")+(_xlpm.followup="بريد من الوحدة التنظيمية"))>0), --(_xlpm.sector=TRIM(SUBSTITUTE($AU52,CHAR(160)," "))), --(_xlpm.dept=TRIM(SUBSTITUTE($AV52,CHAR(160)," "))) ) )} | BI52: {=_xlfn.LET( _xlpm.topic,IFERROR(Resolutions[الموضوع],""), _xlpm.followup,TRIM(SUBSTITUTE(IFERROR(Resolutions[متطلبات المتابعة],""),CHAR(160)," ")), _xlpm.itemStatus,TRIM(SUBSTITUTE(IFERROR(Resolutions[مستوى الإنجاز],""),CHAR(160)," ")), _xlpm.sector,TRIM(SUBSTITUTE(IFERROR(Resolutions[القطاع],""),CHAR(160)," ")), _xlpm.dept,TRIM(SUBSTITUTE(IFERROR(Resolutions[الإدارة],""),CHAR(160)," ")), SUMPRODUCT( --(_xlpm.topic<>""), --(((_xlpm.followup="رسالة رسمية")+(_xlpm.followup="بريد من الوحدة التنظيمية"))>0), --(_xlpm.itemStatus="منجز"), --(_xlpm.sector=TRIM(SUBSTITUTE($AU52,CHAR(160)," "))), --(_xlpm.dept=TRIM(SUBSTITUTE($AV52,CHAR(160)," "))) ) )} | BJ52: {=_xlfn.LET( _xlpm.topic,IFERROR(Resolutions[الموضوع],""), _xlpm.followup,TRIM(SUBSTITUTE(IFERROR(Resolutions[متطلبات المتابعة],""),CHAR(160)," ")), _xlpm.itemStatus,TRIM(SUBSTITUTE(IFERROR(Resolutions[مستوى الإنجاز],""),CHAR(160)," ")), _xlpm.sector,TRIM(SUBSTITUTE(IFERROR(Resolutions[القطاع],""),CHAR(160)," ")), _xlpm.dept,TRIM(SUBSTITUTE(IFERROR(Resolutions[الإدارة],""),CHAR(160)," ")), SUMPRODUCT( --(_xlpm.topic<>""), --(((_xlpm.followup="رسالة رسمية")+(_xlpm.followup="بريد من الوحدة التنظيمية"))>0), --(_xlpm.itemStatus="متأخر"), --(_xlpm.sector=TRIM(SUBSTITUTE($AU52,CHAR(160)," "))), --(_xlpm.dept=TRIM(SUBSTITUTE($AV52,CHAR(160)," "))) ) )} | BK52: =COUNTIFS(Projects[اسم المشروع],"<>",Projects[القطاع],$AU52&"",Projects[[الإدارة ]],$AV52&"") | BL52: =COUNTIFS(Projects[مستوى الإنجاز],"Completed",Projects[القطاع],$AU52&"",Projects[[الإدارة ]],$AV52&"") | BM52: =COUNTIFS(Projects[Late KPI],"Late",Projects[القطاع],$AU52&"",Projects[[الإدارة ]],$AV52&"") | BN52: =COUNTIFS(Legislations[[عنوان التشريع ]],"<>",Legislations[القطاع],$AU52&"",Legislations[الإدارة],$AV52&"") | BO52: =COUNTIFS(Legislations[مؤشرات الأداء],"في الموعد",Legislations[تجاوز الموعد],"<>متأخر",Legislations[القطاع],$AU52&"",Legislations[الإدارة],$AV52&"") | BP52: =COUNTIFS(Legislations[مؤشرات الأداء],"في الموعد",Legislations[تجاوز الموعد],"متأخر",Legislations[القطاع],$AU52&"",Legislations[الإدارة],$AV52&"") | BQ52: =COUNTIFS(Legislations[Late KPI],"متأخر",Legislations[القطاع],$AU52&"",Legislations[الإدارة],$AV52&"") | BR52: {=SUMPRODUCT(IFERROR(--Projects[الموازنة المعتمدة الجديدة],0),--(Projects[القطاع]=$AU52),--(Projects[[الإدارة ]]=$AV52))} | BS52: {=SUMPRODUCT(IFERROR(--Projects[المنفق الفعلي],0),--(Projects[القطاع]=$AU52),--(Projects[[الإدارة ]]=$AV52))} | BT52: {=SUMPRODUCT(IFERROR(--Projects[المخصص],0),--(Projects[القطاع]=$AU52),--(Projects[[الإدارة ]]=$AV52))} | BU52: {=SUMPRODUCT(IFERROR(--Projects[غير المخصص],0),--(Projects[القطاع]=$AU52),--(Projects[[الإدارة ]]=$AV52))} | BV52: =COUNTIFS(Special[اسم المشروع],"<>",Special[مشاريع سموه],"نعم",Special[القطاع],$AU52,Special[[الإدارة ]],$AV52&"") | BW52: =COUNTIFS(Special[اسم المشروع],"<>",Special[مشاريع سموه],"لا",Special[القطاع],$AU52,Special[[الإدارة ]],$AV52&"") | BX52: =BV52-BA52-BB52 | BY52: =BW52-BC52-BD52 | BZ52: =COUNTIFS(ECSAC[[الموضوع ]],"<>",ECSAC[تصنيف الموضوع],"الأجندة السنوية",ECSAC[القطاع],$AU52,ECSAC[الإدارة],$AV52&"") | CA52: =COUNTIFS(ECSAC[[الموضوع ]],"<>",ECSAC[تصنيف الموضوع],"مستجد",ECSAC[القطاع],$AU52,ECSAC[الإدارة],$AV52&"") | CB52: =COUNTIFS(ECSAC[مستوى الإنجاز],"قيد التطوير",ECSAC[القطاع],$AU52,ECSAC[الإدارة],$AV52&"")+COUNTIFS(ECSAC[مستوى الإنجاز],"قيد المراجعة",ECSAC[القطاع],$AU52,ECSAC[الإدارة],$AV52&"") | CC52: =COUNTIFS(ECSAC[مستوى الإنجاز],"جاهز للعرض",ECSAC[القطاع],$AU52,ECSAC[الإدارة],$AV52&"") | CD52: {=_xlfn.LET( _xlpm.topic,IFERROR(Resolutions[الموضوع],""), _xlpm.followup,TRIM(SUBSTITUTE(IFERROR(Resolutions[متطلبات المتابعة],""),CHAR(160)," ")), _xlpm.itemStatus,TRIM(SUBSTITUTE(IFERROR(Resolutions[مستوى الإنجاز],""),CHAR(160)," ")), _xlpm.sector,TRIM(SUBSTITUTE(IFERROR(Resolutions[القطاع],""),CHAR(160)," ")), _xlpm.dept,TRIM(SUBSTITUTE(IFERROR(Resolutions[الإدارة],""),CHAR(160)," ")), SUMPRODUCT( --(_xlpm.topic<>""), --(((_xlpm.followup="رسالة رسمية")+(_xlpm.followup="بريد من الوحدة التنظيمية"))>0), --(((_xlpm.itemStatus="قيد التطوير")+(_xlpm.itemStatus="قيد المراجعة"))>0), --(_xlpm.sector=TRIM(SUBSTITUTE($AU52,CHAR(160)," "))), --(_xlpm.dept=TRIM(SUBSTITUTE($AV52,CHAR(160)," "))) ) )} | CE52: =COUNTIFS(Projects[مستوى الإنجاز],"Active",Projects[القطاع],$AU52,Projects[[الإدارة ]],$AV52&"") | CF52: =COUNTIFS(Projects[مستوى الإنجاز],"Cancelled",Projects[القطاع],$AU52,Projects[[الإدارة ]],$AV52&"")+COUNTIFS(Projects[مستوى الإنجاز],"Frozen",Projects[القطاع],$AU52,Projects[[الإدارة ]],$AV52&"") | CG52: =COUNTIFS(Projects[الربع],"Q1",Projects[القطاع],$AU52,Projects[[الإدارة ]],$AV52&"") | CH52: =COUNTIFS(Projects[الربع],"Q2",Projects[القطاع],$AU52,Projects[[الإدارة ]],$AV52&"") | CI52: =COUNTIFS(Projects[الربع],"Q3",Projects[القطاع],$AU52,Projects[[الإدارة ]],$AV52&"") | CJ52: =COUNTIFS(Projects[الربع],"Q4",Projects[القطاع],$AU52,Projects[[الإدارة ]],$AV52&"")
AU53: التنمية المستدامة | AW53: الشهر الحالي | AX53: {=_xlfn.LET( _xlpm.results,Strategy[[نتيجة العام ]], SUMPRODUCT( --(Strategy[المؤشر]<>"")* --ISNUMBER(_xlpm.results)* --(_xlpm.results<>0)* --(Strategy[القطاع]=($AU53&""))* --(Strategy[الإدارة]=($AV53&"")) ) )} | AY53: =IFERROR( AVERAGEIFS( Strategy[[نتيجة العام ]], Strategy[المؤشر],"<>", Strategy[[نتيجة العام ]],"<>0", Strategy[القطاع],$AU53&"", Strategy[الإدارة],$AV53&"" ), "" ) | AZ53: =COUNTIFS(Special[اسم المشروع],"<>",Special[القطاع],$AU53&"",Special[[الإدارة ]],$AV53&"") | BA53: =COUNTIFS(Special[مستوى الإنجاز],"منجز",Special[مشاريع سموه],"نعم",Special[القطاع],$AU53&"",Special[[الإدارة ]],$AV53&"") | BB53: =COUNTIFS(Special[مستوى الإنجاز],"متأخر",Special[مشاريع سموه],"نعم",Special[القطاع],$AU53&"",Special[[الإدارة ]],$AV53&"") | BC53: =COUNTIFS(Special[مستوى الإنجاز],"منجز",Special[مشاريع سموه],"لا",Special[القطاع],$AU53&"",Special[[الإدارة ]],$AV53&"") | BD53: =COUNTIFS(Special[مستوى الإنجاز],"متأخر",Special[مشاريع سموه],"لا",Special[القطاع],$AU53&"",Special[[الإدارة ]],$AV53&"") | BE53: =COUNTIFS(ECSAC[[الموضوع ]],"<>",ECSAC[القطاع],$AU53&"",ECSAC[الإدارة],$AV53&"") | BF53: =COUNTIFS(ECSAC[مستوى الإنجاز],"منجز",ECSAC[القطاع],$AU53&"",ECSAC[الإدارة],$AV53&"") | BG53: =COUNTIFS(ECSAC[مستوى الإنجاز],"متأخر",ECSAC[القطاع],$AU53&"",ECSAC[الإدارة],$AV53&"") | BH53: {=_xlfn.LET( _xlpm.topic,IFERROR(Resolutions[الموضوع],""), _xlpm.followup,TRIM(SUBSTITUTE(IFERROR(Resolutions[متطلبات المتابعة],""),CHAR(160)," ")), _xlpm.sector,TRIM(SUBSTITUTE(IFERROR(Resolutions[القطاع],""),CHAR(160)," ")), _xlpm.dept,TRIM(SUBSTITUTE(IFERROR(Resolutions[الإدارة],""),CHAR(160)," ")), SUMPRODUCT( --(_xlpm.topic<>""), --(((_xlpm.followup="رسالة رسمية")+(_xlpm.followup="بريد من الوحدة التنظيمية"))>0), --(_xlpm.sector=TRIM(SUBSTITUTE($AU53,CHAR(160)," "))), --(_xlpm.dept=TRIM(SUBSTITUTE($AV53,CHAR(160)," "))) ) )} | BI53: {=_xlfn.LET( _xlpm.topic,IFERROR(Resolutions[الموضوع],""), _xlpm.followup,TRIM(SUBSTITUTE(IFERROR(Resolutions[متطلبات المتابعة],""),CHAR(160)," ")), _xlpm.itemStatus,TRIM(SUBSTITUTE(IFERROR(Resolutions[مستوى الإنجاز],""),CHAR(160)," ")), _xlpm.sector,TRIM(SUBSTITUTE(IFERROR(Resolutions[القطاع],""),CHAR(160)," ")), _xlpm.dept,TRIM(SUBSTITUTE(IFERROR(Resolutions[الإدارة],""),CHAR(160)," ")), SUMPRODUCT( --(_xlpm.topic<>""), --(((_xlpm.followup="رسالة رسمية")+(_xlpm.followup="بريد من الوحدة التنظيمية"))>0), --(_xlpm.itemStatus="منجز"), --(_xlpm.sector=TRIM(SUBSTITUTE($AU53,CHAR(160)," "))), --(_xlpm.dept=TRIM(SUBSTITUTE($AV53,CHAR(160)," "))) ) )} | BJ53: {=_xlfn.LET( _xlpm.topic,IFERROR(Resolutions[الموضوع],""), _xlpm.followup,TRIM(SUBSTITUTE(IFERROR(Resolutions[متطلبات المتابعة],""),CHAR(160)," ")), _xlpm.itemStatus,TRIM(SUBSTITUTE(IFERROR(Resolutions[مستوى الإنجاز],""),CHAR(160)," ")), _xlpm.sector,TRIM(SUBSTITUTE(IFERROR(Resolutions[القطاع],""),CHAR(160)," ")), _xlpm.dept,TRIM(SUBSTITUTE(IFERROR(Resolutions[الإدارة],""),CHAR(160)," ")), SUMPRODUCT( --(_xlpm.topic<>""), --(((_xlpm.followup="رسالة رسمية")+(_xlpm.followup="بريد من الوحدة التنظيمية"))>0), --(_xlpm.itemStatus="متأخر"), --(_xlpm.sector=TRIM(SUBSTITUTE($AU53,CHAR(160)," "))), --(_xlpm.dept=TRIM(SUBSTITUTE($AV53,CHAR(160)," "))) ) )} | BK53: =COUNTIFS(Projects[اسم المشروع],"<>",Projects[القطاع],$AU53&"",Projects[[الإدارة ]],$AV53&"") | BL53: =COUNTIFS(Projects[مستوى الإنجاز],"Completed",Projects[القطاع],$AU53&"",Projects[[الإدارة ]],$AV53&"") | BM53: =COUNTIFS(Projects[Late KPI],"Late",Projects[القطاع],$AU53&"",Projects[[الإدارة ]],$AV53&"") | BN53: =COUNTIFS(Legislations[[عنوان التشريع ]],"<>",Legislations[القطاع],$AU53&"",Legislations[الإدارة],$AV53&"") | BO53: =COUNTIFS(Legislations[مؤشرات الأداء],"في الموعد",Legislations[تجاوز الموعد],"<>متأخر",Legislations[القطاع],$AU53&"",Legislations[الإدارة],$AV53&"") | BP53: =COUNTIFS(Legislations[مؤشرات الأداء],"في الموعد",Legislations[تجاوز الموعد],"متأخر",Legislations[القطاع],$AU53&"",Legislations[الإدارة],$AV53&"") | BQ53: =COUNTIFS(Legislations[Late KPI],"متأخر",Legislations[القطاع],$AU53&"",Legislations[الإدارة],$AV53&"") | BR53: {=SUMPRODUCT(IFERROR(--Projects[الموازنة المعتمدة الجديدة],0),--(Projects[القطاع]=$AU53),--(Projects[[الإدارة ]]=$AV53))} | BS53: {=SUMPRODUCT(IFERROR(--Projects[المنفق الفعلي],0),--(Projects[القطاع]=$AU53),--(Projects[[الإدارة ]]=$AV53))} | BT53: {=SUMPRODUCT(IFERROR(--Projects[المخصص],0),--(Projects[القطاع]=$AU53),--(Projects[[الإدارة ]]=$AV53))} | BU53: {=SUMPRODUCT(IFERROR(--Projects[غير المخصص],0),--(Projects[القطاع]=$AU53),--(Projects[[الإدارة ]]=$AV53))} | BV53: =COUNTIFS(Special[اسم المشروع],"<>",Special[مشاريع سموه],"نعم",Special[القطاع],$AU53,Special[[الإدارة ]],$AV53&"") | BW53: =COUNTIFS(Special[اسم المشروع],"<>",Special[مشاريع سموه],"لا",Special[القطاع],$AU53,Special[[الإدارة ]],$AV53&"") | BX53: =BV53-BA53-BB53 | BY53: =BW53-BC53-BD53 | BZ53: =COUNTIFS(ECSAC[[الموضوع ]],"<>",ECSAC[تصنيف الموضوع],"الأجندة السنوية",ECSAC[القطاع],$AU53,ECSAC[الإدارة],$AV53&"") | CA53: =COUNTIFS(ECSAC[[الموضوع ]],"<>",ECSAC[تصنيف الموضوع],"مستجد",ECSAC[القطاع],$AU53,ECSAC[الإدارة],$AV53&"") | CB53: =COUNTIFS(ECSAC[مستوى الإنجاز],"قيد التطوير",ECSAC[القطاع],$AU53,ECSAC[الإدارة],$AV53&"")+COUNTIFS(ECSAC[مستوى الإنجاز],"قيد المراجعة",ECSAC[القطاع],$AU53,ECSAC[الإدارة],$AV53&"") | CC53: =COUNTIFS(ECSAC[مستوى الإنجاز],"جاهز للعرض",ECSAC[القطاع],$AU53,ECSAC[الإدارة],$AV53&"") | CD53: {=_xlfn.LET( _xlpm.topic,IFERROR(Resolutions[الموضوع],""), _xlpm.followup,TRIM(SUBSTITUTE(IFERROR(Resolutions[متطلبات المتابعة],""),CHAR(160)," ")), _xlpm.itemStatus,TRIM(SUBSTITUTE(IFERROR(Resolutions[مستوى الإنجاز],""),CHAR(160)," ")), _xlpm.sector,TRIM(SUBSTITUTE(IFERROR(Resolutions[القطاع],""),CHAR(160)," ")), _xlpm.dept,TRIM(SUBSTITUTE(IFERROR(Resolutions[الإدارة],""),CHAR(160)," ")), SUMPRODUCT( --(_xlpm.topic<>""), --(((_xlpm.followup="رسالة رسمية")+(_xlpm.followup="بريد من الوحدة التنظيمية"))>0), --(((_xlpm.itemStatus="قيد التطوير")+(_xlpm.itemStatus="قيد المراجعة"))>0), --(_xlpm.sector=TRIM(SUBSTITUTE($AU53,CHAR(160)," "))), --(_xlpm.dept=TRIM(SUBSTITUTE($AV53,CHAR(160)," "))) ) )} | CE53: =COUNTIFS(Projects[مستوى الإنجاز],"Active",Projects[القطاع],$AU53,Projects[[الإدارة ]],$AV53&"") | CF53: =COUNTIFS(Projects[مستوى الإنجاز],"Cancelled",Projects[القطاع],$AU53,Projects[[الإدارة ]],$AV53&"")+COUNTIFS(Projects[مستوى الإنجاز],"Frozen",Projects[القطاع],$AU53,Projects[[الإدارة ]],$AV53&"") | CG53: =COUNTIFS(Projects[الربع],"Q1",Projects[القطاع],$AU53,Projects[[الإدارة ]],$AV53&"") | CH53: =COUNTIFS(Projects[الربع],"Q2",Projects[القطاع],$AU53,Projects[[الإدارة ]],$AV53&"") | CI53: =COUNTIFS(Projects[الربع],"Q3",Projects[القطاع],$AU53,Projects[[الإدارة ]],$AV53&"") | CJ53: =COUNTIFS(Projects[الربع],"Q4",Projects[القطاع],$AU53,Projects[[الإدارة ]],$AV53&"")
AU54: الحوكمة | AV54: الحوكمة | AW54: الشهر الحالي | AX54: {=_xlfn.LET( _xlpm.results,Strategy[[نتيجة العام ]], SUMPRODUCT( --(Strategy[المؤشر]<>"")* --ISNUMBER(_xlpm.results)* --(_xlpm.results<>0)* --(Strategy[القطاع]=($AU54&""))* --(Strategy[الإدارة]=($AV54&"")) ) )} | AY54: =IFERROR( AVERAGEIFS( Strategy[[نتيجة العام ]], Strategy[المؤشر],"<>", Strategy[[نتيجة العام ]],"<>0", Strategy[القطاع],$AU54&"", Strategy[الإدارة],$AV54&"" ), "" ) | AZ54: =COUNTIFS(Special[اسم المشروع],"<>",Special[القطاع],$AU54&"",Special[[الإدارة ]],$AV54&"") | BA54: =COUNTIFS(Special[مستوى الإنجاز],"منجز",Special[مشاريع سموه],"نعم",Special[القطاع],$AU54&"",Special[[الإدارة ]],$AV54&"") | BB54: =COUNTIFS(Special[مستوى الإنجاز],"متأخر",Special[مشاريع سموه],"نعم",Special[القطاع],$AU54&"",Special[[الإدارة ]],$AV54&"") | BC54: =COUNTIFS(Special[مستوى الإنجاز],"منجز",Special[مشاريع سموه],"لا",Special[القطاع],$AU54&"",Special[[الإدارة ]],$AV54&"") | BD54: =COUNTIFS(Special[مستوى الإنجاز],"متأخر",Special[مشاريع سموه],"لا",Special[القطاع],$AU54&"",Special[[الإدارة ]],$AV54&"") | BE54: =COUNTIFS(ECSAC[[الموضوع ]],"<>",ECSAC[القطاع],$AU54&"",ECSAC[الإدارة],$AV54&"") | BF54: =COUNTIFS(ECSAC[مستوى الإنجاز],"منجز",ECSAC[القطاع],$AU54&"",ECSAC[الإدارة],$AV54&"") | BG54: =COUNTIFS(ECSAC[مستوى الإنجاز],"متأخر",ECSAC[القطاع],$AU54&"",ECSAC[الإدارة],$AV54&"") | BH54: {=_xlfn.LET( _xlpm.topic,IFERROR(Resolutions[الموضوع],""), _xlpm.followup,TRIM(SUBSTITUTE(IFERROR(Resolutions[متطلبات المتابعة],""),CHAR(160)," ")), _xlpm.sector,TRIM(SUBSTITUTE(IFERROR(Resolutions[القطاع],""),CHAR(160)," ")), _xlpm.dept,TRIM(SUBSTITUTE(IFERROR(Resolutions[الإدارة],""),CHAR(160)," ")), SUMPRODUCT( --(_xlpm.topic<>""), --(((_xlpm.followup="رسالة رسمية")+(_xlpm.followup="بريد من الوحدة التنظيمية"))>0), --(_xlpm.sector=TRIM(SUBSTITUTE($AU54,CHAR(160)," "))), --(_xlpm.dept=TRIM(SUBSTITUTE($AV54,CHAR(160)," "))) ) )} | BI54: {=_xlfn.LET( _xlpm.topic,IFERROR(Resolutions[الموضوع],""), _xlpm.followup,TRIM(SUBSTITUTE(IFERROR(Resolutions[متطلبات المتابعة],""),CHAR(160)," ")), _xlpm.itemStatus,TRIM(SUBSTITUTE(IFERROR(Resolutions[مستوى الإنجاز],""),CHAR(160)," ")), _xlpm.sector,TRIM(SUBSTITUTE(IFERROR(Resolutions[القطاع],""),CHAR(160)," ")), _xlpm.dept,TRIM(SUBSTITUTE(IFERROR(Resolutions[الإدارة],""),CHAR(160)," ")), SUMPRODUCT( --(_xlpm.topic<>""), --(((_xlpm.followup="رسالة رسمية")+(_xlpm.followup="بريد من الوحدة التنظيمية"))>0), --(_xlpm.itemStatus="منجز"), --(_xlpm.sector=TRIM(SUBSTITUTE($AU54,CHAR(160)," "))), --(_xlpm.dept=TRIM(SUBSTITUTE($AV54,CHAR(160)," "))) ) )} | BJ54: {=_xlfn.LET( _xlpm.topic,IFERROR(Resolutions[الموضوع],""), _xlpm.followup,TRIM(SUBSTITUTE(IFERROR(Resolutions[متطلبات المتابعة],""),CHAR(160)," ")), _xlpm.itemStatus,TRIM(SUBSTITUTE(IFERROR(Resolutions[مستوى الإنجاز],""),CHAR(160)," ")), _xlpm.sector,TRIM(SUBSTITUTE(IFERROR(Resolutions[القطاع],""),CHAR(160)," ")), _xlpm.dept,TRIM(SUBSTITUTE(IFERROR(Resolutions[الإدارة],""),CHAR(160)," ")), SUMPRODUCT( --(_xlpm.topic<>""), --(((_xlpm.followup="رسالة رسمية")+(_xlpm.followup="بريد من الوحدة التنظيمية"))>0), --(_xlpm.itemStatus="متأخر"), --(_xlpm.sector=TRIM(SUBSTITUTE($AU54,CHAR(160)," "))), --(_xlpm.dept=TRIM(SUBSTITUTE($AV54,CHAR(160)," "))) ) )} | BK54: =COUNTIFS(Projects[اسم المشروع],"<>",Projects[القطاع],$AU54&"",Projects[[الإدارة ]],$AV54&"") | BL54: =COUNTIFS(Projects[مستوى الإنجاز],"Completed",Projects[القطاع],$AU54&"",Projects[[الإدارة ]],$AV54&"") | BM54: =COUNTIFS(Projects[Late KPI],"Late",Projects[القطاع],$AU54&"",Projects[[الإدارة ]],$AV54&"") | BN54: =COUNTIFS(Legislations[[عنوان التشريع ]],"<>",Legislations[القطاع],$AU54&"",Legislations[الإدارة],$AV54&"") | BO54: =COUNTIFS(Legislations[مؤشرات الأداء],"في الموعد",Legislations[تجاوز الموعد],"<>متأخر",Legislations[القطاع],$AU54&"",Legislations[الإدارة],$AV54&"") | BP54: =COUNTIFS(Legislations[مؤشرات الأداء],"في الموعد",Legislations[تجاوز الموعد],"متأخر",Legislations[القطاع],$AU54&"",Legislations[الإدارة],$AV54&"") | BQ54: =COUNTIFS(Legislations[Late KPI],"متأخر",Legislations[القطاع],$AU54&"",Legislations[الإدارة],$AV54&"") | BR54: {=SUMPRODUCT(IFERROR(--Projects[الموازنة المعتمدة الجديدة],0),--(Projects[القطاع]=$AU54),--(Projects[[الإدارة ]]=$AV54))} | BS54: {=SUMPRODUCT(IFERROR(--Projects[المنفق الفعلي],0),--(Projects[القطاع]=$AU54),--(Projects[[الإدارة ]]=$AV54))} | BT54: {=SUMPRODUCT(IFERROR(--Projects[المخصص],0),--(Projects[القطاع]=$AU54),--(Projects[[الإدارة ]]=$AV54))} | BU54: {=SUMPRODUCT(IFERROR(--Projects[غير المخصص],0),--(Projects[القطاع]=$AU54),--(Projects[[الإدارة ]]=$AV54))} | BV54: =COUNTIFS(Special[اسم المشروع],"<>",Special[مشاريع سموه],"نعم",Special[القطاع],$AU54,Special[[الإدارة ]],$AV54&"") | BW54: =COUNTIFS(Special[اسم المشروع],"<>",Special[مشاريع سموه],"لا",Special[القطاع],$AU54,Special[[الإدارة ]],$AV54&"") | BX54: =BV54-BA54-BB54 | BY54: =BW54-BC54-BD54 | BZ54: =COUNTIFS(ECSAC[[الموضوع ]],"<>",ECSAC[تصنيف الموضوع],"الأجندة السنوية",ECSAC[القطاع],$AU54,ECSAC[الإدارة],$AV54&"") | CA54: =COUNTIFS(ECSAC[[الموضوع ]],"<>",ECSAC[تصنيف الموضوع],"مستجد",ECSAC[القطاع],$AU54,ECSAC[الإدارة],$AV54&"") | CB54: =COUNTIFS(ECSAC[مستوى الإنجاز],"قيد التطوير",ECSAC[القطاع],$AU54,ECSAC[الإدارة],$AV54&"")+COUNTIFS(ECSAC[مستوى الإنجاز],"قيد المراجعة",ECSAC[القطاع],$AU54,ECSAC[الإدارة],$AV54&"") | CC54: =COUNTIFS(ECSAC[مستوى الإنجاز],"جاهز للعرض",ECSAC[القطاع],$AU54,ECSAC[الإدارة],$AV54&"") | CD54: {=_xlfn.LET( _xlpm.topic,IFERROR(Resolutions[الموضوع],""), _xlpm.followup,TRIM(SUBSTITUTE(IFERROR(Resolutions[متطلبات المتابعة],""),CHAR(160)," ")), _xlpm.itemStatus,TRIM(SUBSTITUTE(IFERROR(Resolutions[مستوى الإنجاز],""),CHAR(160)," ")), _xlpm.sector,TRIM(SUBSTITUTE(IFERROR(Resolutions[القطاع],""),CHAR(160)," ")), _xlpm.dept,TRIM(SUBSTITUTE(IFERROR(Resolutions[الإدارة],""),CHAR(160)," ")), SUMPRODUCT( --(_xlpm.topic<>""), --(((_xlpm.followup="رسالة رسمية")+(_xlpm.followup="بريد من الوحدة التنظيمية"))>0), --(((_xlpm.itemStatus="قيد التطوير")+(_xlpm.itemStatus="قيد المراجعة"))>0), --(_xlpm.sector=TRIM(SUBSTITUTE($AU54,CHAR(160)," "))), --(_xlpm.dept=TRIM(SUBSTITUTE($AV54,CHAR(160)," "))) ) )} | CE54: =COUNTIFS(Projects[مستوى الإنجاز],"Active",Projects[القطاع],$AU54,Projects[[الإدارة ]],$AV54&"") | CF54: =COUNTIFS(Projects[مستوى الإنجاز],"Cancelled",Projects[القطاع],$AU54,Projects[[الإدارة ]],$AV54&"")+COUNTIFS(Projects[مستوى الإنجاز],"Frozen",Projects[القطاع],$AU54,Projects[[الإدارة ]],$AV54&"") | CG54: =COUNTIFS(Projects[الربع],"Q1",Projects[القطاع],$AU54,Projects[[الإدارة ]],$AV54&"") | CH54: =COUNTIFS(Projects[الربع],"Q2",Projects[القطاع],$AU54,Projects[[الإدارة ]],$AV54&"") | CI54: =COUNTIFS(Projects[الربع],"Q3",Projects[القطاع],$AU54,Projects[[الإدارة ]],$AV54&"") | CJ54: =COUNTIFS(Projects[الربع],"Q4",Projects[القطاع],$AU54,Projects[[الإدارة ]],$AV54&"")
AU55: الحوكمة | AV55: التشريعات الحكومية | AW55: الشهر الحالي | AX55: {=_xlfn.LET( _xlpm.results,Strategy[[نتيجة العام ]], SUMPRODUCT( --(Strategy[المؤشر]<>"")* --ISNUMBER(_xlpm.results)* --(_xlpm.results<>0)* --(Strategy[القطاع]=($AU55&""))* --(Strategy[الإدارة]=($AV55&"")) ) )} | AY55: =IFERROR( AVERAGEIFS( Strategy[[نتيجة العام ]], Strategy[المؤشر],"<>", Strategy[[نتيجة العام ]],"<>0", Strategy[القطاع],$AU55&"", Strategy[الإدارة],$AV55&"" ), "" ) | AZ55: =COUNTIFS(Special[اسم المشروع],"<>",Special[القطاع],$AU55&"",Special[[الإدارة ]],$AV55&"") | BA55: =COUNTIFS(Special[مستوى الإنجاز],"منجز",Special[مشاريع سموه],"نعم",Special[القطاع],$AU55&"",Special[[الإدارة ]],$AV55&"") | BB55: =COUNTIFS(Special[مستوى الإنجاز],"متأخر",Special[مشاريع سموه],"نعم",Special[القطاع],$AU55&"",Special[[الإدارة ]],$AV55&"") | BC55: =COUNTIFS(Special[مستوى الإنجاز],"منجز",Special[مشاريع سموه],"لا",Special[القطاع],$AU55&"",Special[[الإدارة ]],$AV55&"") | BD55: =COUNTIFS(Special[مستوى الإنجاز],"متأخر",Special[مشاريع سموه],"لا",Special[القطاع],$AU55&"",Special[[الإدارة ]],$AV55&"") | BE55: =COUNTIFS(ECSAC[[الموضوع ]],"<>",ECSAC[القطاع],$AU55&"",ECSAC[الإدارة],$AV55&"") | BF55: =COUNTIFS(ECSAC[مستوى الإنجاز],"منجز",ECSAC[القطاع],$AU55&"",ECSAC[الإدارة],$AV55&"") | BG55: =COUNTIFS(ECSAC[مستوى الإنجاز],"متأخر",ECSAC[القطاع],$AU55&"",ECSAC[الإدارة],$AV55&"") | BH55: {=_xlfn.LET( _xlpm.topic,IFERROR(Resolutions[الموضوع],""), _xlpm.followup,TRIM(SUBSTITUTE(IFERROR(Resolutions[متطلبات المتابعة],""),CHAR(160)," ")), _xlpm.sector,TRIM(SUBSTITUTE(IFERROR(Resolutions[القطاع],""),CHAR(160)," ")), _xlpm.dept,TRIM(SUBSTITUTE(IFERROR(Resolutions[الإدارة],""),CHAR(160)," ")), SUMPRODUCT( --(_xlpm.topic<>""), --(((_xlpm.followup="رسالة رسمية")+(_xlpm.followup="بريد من الوحدة التنظيمية"))>0), --(_xlpm.sector=TRIM(SUBSTITUTE($AU55,CHAR(160)," "))), --(_xlpm.dept=TRIM(SUBSTITUTE($AV55,CHAR(160)," "))) ) )} | BI55: {=_xlfn.LET( _xlpm.topic,IFERROR(Resolutions[الموضوع],""), _xlpm.followup,TRIM(SUBSTITUTE(IFERROR(Resolutions[متطلبات المتابعة],""),CHAR(160)," ")), _xlpm.itemStatus,TRIM(SUBSTITUTE(IFERROR(Resolutions[مستوى الإنجاز],""),CHAR(160)," ")), _xlpm.sector,TRIM(SUBSTITUTE(IFERROR(Resolutions[القطاع],""),CHAR(160)," ")), _xlpm.dept,TRIM(SUBSTITUTE(IFERROR(Resolutions[الإدارة],""),CHAR(160)," ")), SUMPRODUCT( --(_xlpm.topic<>""), --(((_xlpm.followup="رسالة رسمية")+(_xlpm.followup="بريد من الوحدة التنظيمية"))>0), --(_xlpm.itemStatus="منجز"), --(_xlpm.sector=TRIM(SUBSTITUTE($AU55,CHAR(160)," "))), --(_xlpm.dept=TRIM(SUBSTITUTE($AV55,CHAR(160)," "))) ) )} | BJ55: {=_xlfn.LET( _xlpm.topic,IFERROR(Resolutions[الموضوع],""), _xlpm.followup,TRIM(SUBSTITUTE(IFERROR(Resolutions[متطلبات المتابعة],""),CHAR(160)," ")), _xlpm.itemStatus,TRIM(SUBSTITUTE(IFERROR(Resolutions[مستوى الإنجاز],""),CHAR(160)," ")), _xlpm.sector,TRIM(SUBSTITUTE(IFERROR(Resolutions[القطاع],""),CHAR(160)," ")), _xlpm.dept,TRIM(SUBSTITUTE(IFERROR(Resolutions[الإدارة],""),CHAR(160)," ")), SUMPRODUCT( --(_xlpm.topic<>""), --(((_xlpm.followup="رسالة رسمية")+(_xlpm.followup="بريد من الوحدة التنظيمية"))>0), --(_xlpm.itemStatus="متأخر"), --(_xlpm.sector=TRIM(SUBSTITUTE($AU55,CHAR(160)," "))), --(_xlpm.dept=TRIM(SUBSTITUTE($AV55,CHAR(160)," "))) ) )} | BK55: =COUNTIFS(Projects[اسم المشروع],"<>",Projects[القطاع],$AU55&"",Projects[[الإدارة ]],$AV55&"") | BL55: =COUNTIFS(Projects[مستوى الإنجاز],"Completed",Projects[القطاع],$AU55&"",Projects[[الإدارة ]],$AV55&"") | BM55: =COUNTIFS(Projects[Late KPI],"Late",Projects[القطاع],$AU55&"",Projects[[الإدارة ]],$AV55&"") | BN55: =COUNTIFS(Legislations[[عنوان التشريع ]],"<>",Legislations[القطاع],$AU55&"",Legislations[الإدارة],$AV55&"") | BO55: =COUNTIFS(Legislations[مؤشرات الأداء],"في الموعد",Legislations[تجاوز الموعد],"<>متأخر",Legislations[القطاع],$AU55&"",Legislations[الإدارة],$AV55&"") | BP55: =COUNTIFS(Legislations[مؤشرات الأداء],"في الموعد",Legislations[تجاوز الموعد],"متأخر",Legislations[القطاع],$AU55&"",Legislations[الإدارة],$AV55&"") | BQ55: =COUNTIFS(Legislations[Late KPI],"متأخر",Legislations[القطاع],$AU55&"",Legislations[الإدارة],$AV55&"") | BR55: {=SUMPRODUCT(IFERROR(--Projects[الموازنة المعتمدة الجديدة],0),--(Projects[القطاع]=$AU55),--(Projects[[الإدارة ]]=$AV55))} | BS55: {=SUMPRODUCT(IFERROR(--Projects[المنفق الفعلي],0),--(Projects[القطاع]=$AU55),--(Projects[[الإدارة ]]=$AV55))} | BT55: {=SUMPRODUCT(IFERROR(--Projects[المخصص],0),--(Projects[القطاع]=$AU55),--(Projects[[الإدارة ]]=$AV55))} | BU55: {=SUMPRODUCT(IFERROR(--Projects[غير المخصص],0),--(Projects[القطاع]=$AU55),--(Projects[[الإدارة ]]=$AV55))} | BV55: =COUNTIFS(Special[اسم المشروع],"<>",Special[مشاريع سموه],"نعم",Special[القطاع],$AU55,Special[[الإدارة ]],$AV55&"") | BW55: =COUNTIFS(Special[اسم المشروع],"<>",Special[مشاريع سموه],"لا",Special[القطاع],$AU55,Special[[الإدارة ]],$AV55&"") | BX55: =BV55-BA55-BB55 | BY55: =BW55-BC55-BD55 | BZ55: =COUNTIFS(ECSAC[[الموضوع ]],"<>",ECSAC[تصنيف الموضوع],"الأجندة السنوية",ECSAC[القطاع],$AU55,ECSAC[الإدارة],$AV55&"") | CA55: =COUNTIFS(ECSAC[[الموضوع ]],"<>",ECSAC[تصنيف الموضوع],"مستجد",ECSAC[القطاع],$AU55,ECSAC[الإدارة],$AV55&"") | CB55: =COUNTIFS(ECSAC[مستوى الإنجاز],"قيد التطوير",ECSAC[القطاع],$AU55,ECSAC[الإدارة],$AV55&"")+COUNTIFS(ECSAC[مستوى الإنجاز],"قيد المراجعة",ECSAC[القطاع],$AU55,ECSAC[الإدارة],$AV55&"") | CC55: =COUNTIFS(ECSAC[مستوى الإنجاز],"جاهز للعرض",ECSAC[القطاع],$AU55,ECSAC[الإدارة],$AV55&"") | CD55: {=_xlfn.LET( _xlpm.topic,IFERROR(Resolutions[الموضوع],""), _xlpm.followup,TRIM(SUBSTITUTE(IFERROR(Resolutions[متطلبات المتابعة],""),CHAR(160)," ")), _xlpm.itemStatus,TRIM(SUBSTITUTE(IFERROR(Resolutions[مستوى الإنجاز],""),CHAR(160)," ")), _xlpm.sector,TRIM(SUBSTITUTE(IFERROR(Resolutions[القطاع],""),CHAR(160)," ")), _xlpm.dept,TRIM(SUBSTITUTE(IFERROR(Resolutions[الإدارة],""),CHAR(160)," ")), SUMPRODUCT( --(_xlpm.topic<>""), --(((_xlpm.followup="رسالة رسمية")+(_xlpm.followup="بريد من الوحدة التنظيمية"))>0), --(((_xlpm.itemStatus="قيد التطوير")+(_xlpm.itemStatus="قيد المراجعة"))>0), --(_xlpm.sector=TRIM(SUBSTITUTE($AU55,CHAR(160)," "))), --(_xlpm.dept=TRIM(SUBSTITUTE($AV55,CHAR(160)," "))) ) )} | CE55: =COUNTIFS(Projects[مستوى الإنجاز],"Active",Projects[القطاع],$AU55,Projects[[الإدارة ]],$AV55&"") | CF55: =COUNTIFS(Projects[مستوى الإنجاز],"Cancelled",Projects[القطاع],$AU55,Projects[[الإدارة ]],$AV55&"")+COUNTIFS(Projects[مستوى الإنجاز],"Frozen",Projects[القطاع],$AU55,Projects[[الإدارة ]],$AV55&"") | CG55: =COUNTIFS(Projects[الربع],"Q1",Projects[القطاع],$AU55,Projects[[الإدارة ]],$AV55&"") | CH55: =COUNTIFS(Projects[الربع],"Q2",Projects[القطاع],$AU55,Projects[[الإدارة ]],$AV55&"") | CI55: =COUNTIFS(Projects[الربع],"Q3",Projects[القطاع],$AU55,Projects[[الإدارة ]],$AV55&"") | CJ55: =COUNTIFS(Projects[الربع],"Q4",Projects[القطاع],$AU55,Projects[[الإدارة ]],$AV55&"")
AU56: الحوكمة | AV56: التنفيذ والأداء | AW56: الشهر الحالي | AX56: {=_xlfn.LET( _xlpm.results,Strategy[[نتيجة العام ]], SUMPRODUCT( --(Strategy[المؤشر]<>"")* --ISNUMBER(_xlpm.results)* --(_xlpm.results<>0)* --(Strategy[القطاع]=($AU56&""))* --(Strategy[الإدارة]=($AV56&"")) ) )} | AY56: =IFERROR( AVERAGEIFS( Strategy[[نتيجة العام ]], Strategy[المؤشر],"<>", Strategy[[نتيجة العام ]],"<>0", Strategy[القطاع],$AU56&"", Strategy[الإدارة],$AV56&"" ), "" ) | AZ56: =COUNTIFS(Special[اسم المشروع],"<>",Special[القطاع],$AU56&"",Special[[الإدارة ]],$AV56&"") | BA56: =COUNTIFS(Special[مستوى الإنجاز],"منجز",Special[مشاريع سموه],"نعم",Special[القطاع],$AU56&"",Special[[الإدارة ]],$AV56&"") | BB56: =COUNTIFS(Special[مستوى الإنجاز],"متأخر",Special[مشاريع سموه],"نعم",Special[القطاع],$AU56&"",Special[[الإدارة ]],$AV56&"") | BC56: =COUNTIFS(Special[مستوى الإنجاز],"منجز",Special[مشاريع سموه],"لا",Special[القطاع],$AU56&"",Special[[الإدارة ]],$AV56&"") | BD56: =COUNTIFS(Special[مستوى الإنجاز],"متأخر",Special[مشاريع سموه],"لا",Special[القطاع],$AU56&"",Special[[الإدارة ]],$AV56&"") | BE56: =COUNTIFS(ECSAC[[الموضوع ]],"<>",ECSAC[القطاع],$AU56&"",ECSAC[الإدارة],$AV56&"") | BF56: =COUNTIFS(ECSAC[مستوى الإنجاز],"منجز",ECSAC[القطاع],$AU56&"",ECSAC[الإدارة],$AV56&"") | BG56: =COUNTIFS(ECSAC[مستوى الإنجاز],"متأخر",ECSAC[القطاع],$AU56&"",ECSAC[الإدارة],$AV56&"") | BH56: {=_xlfn.LET( _xlpm.topic,IFERROR(Resolutions[الموضوع],""), _xlpm.followup,TRIM(SUBSTITUTE(IFERROR(Resolutions[متطلبات المتابعة],""),CHAR(160)," ")), _xlpm.sector,TRIM(SUBSTITUTE(IFERROR(Resolutions[القطاع],""),CHAR(160)," ")), _xlpm.dept,TRIM(SUBSTITUTE(IFERROR(Resolutions[الإدارة],""),CHAR(160)," ")), SUMPRODUCT( --(_xlpm.topic<>""), --(((_xlpm.followup="رسالة رسمية")+(_xlpm.followup="بريد من الوحدة التنظيمية"))>0), --(_xlpm.sector=TRIM(SUBSTITUTE($AU56,CHAR(160)," "))), --(_xlpm.dept=TRIM(SUBSTITUTE($AV56,CHAR(160)," "))) ) )} | BI56: {=_xlfn.LET( _xlpm.topic,IFERROR(Resolutions[الموضوع],""), _xlpm.followup,TRIM(SUBSTITUTE(IFERROR(Resolutions[متطلبات المتابعة],""),CHAR(160)," ")), _xlpm.itemStatus,TRIM(SUBSTITUTE(IFERROR(Resolutions[مستوى الإنجاز],""),CHAR(160)," ")), _xlpm.sector,TRIM(SUBSTITUTE(IFERROR(Resolutions[القطاع],""),CHAR(160)," ")), _xlpm.dept,TRIM(SUBSTITUTE(IFERROR(Resolutions[الإدارة],""),CHAR(160)," ")), SUMPRODUCT( --(_xlpm.topic<>""), --(((_xlpm.followup="رسالة رسمية")+(_xlpm.followup="بريد من الوحدة التنظيمية"))>0), --(_xlpm.itemStatus="منجز"), --(_xlpm.sector=TRIM(SUBSTITUTE($AU56,CHAR(160)," "))), --(_xlpm.dept=TRIM(SUBSTITUTE($AV56,CHAR(160)," "))) ) )} | BJ56: {=_xlfn.LET( _xlpm.topic,IFERROR(Resolutions[الموضوع],""), _xlpm.followup,TRIM(SUBSTITUTE(IFERROR(Resolutions[متطلبات المتابعة],""),CHAR(160)," ")), _xlpm.itemStatus,TRIM(SUBSTITUTE(IFERROR(Resolutions[مستوى الإنجاز],""),CHAR(160)," ")), _xlpm.sector,TRIM(SUBSTITUTE(IFERROR(Resolutions[القطاع],""),CHAR(160)," ")), _xlpm.dept,TRIM(SUBSTITUTE(IFERROR(Resolutions[الإدارة],""),CHAR(160)," ")), SUMPRODUCT( --(_xlpm.topic<>""), --(((_xlpm.followup="رسالة رسمية")+(_xlpm.followup="بريد من الوحدة التنظيمية"))>0), --(_xlpm.itemStatus="متأخر"), --(_xlpm.sector=TRIM(SUBSTITUTE($AU56,CHAR(160)," "))), --(_xlpm.dept=TRIM(SUBSTITUTE($AV56,CHAR(160)," "))) ) )} | BK56: =COUNTIFS(Projects[اسم المشروع],"<>",Projects[القطاع],$AU56&"",Projects[[الإدارة ]],$AV56&"") | BL56: =COUNTIFS(Projects[مستوى الإنجاز],"Completed",Projects[القطاع],$AU56&"",Projects[[الإدارة ]],$AV56&"") | BM56: =COUNTIFS(Projects[Late KPI],"Late",Projects[القطاع],$AU56&"",Projects[[الإدارة ]],$AV56&"") | BN56: =COUNTIFS(Legislations[[عنوان التشريع ]],"<>",Legislations[القطاع],$AU56&"",Legislations[الإدارة],$AV56&"") | BO56: =COUNTIFS(Legislations[مؤشرات الأداء],"في الموعد",Legislations[تجاوز الموعد],"<>متأخر",Legislations[القطاع],$AU56&"",Legislations[الإدارة],$AV56&"") | BP56: =COUNTIFS(Legislations[مؤشرات الأداء],"في الموعد",Legislations[تجاوز الموعد],"متأخر",Legislations[القطاع],$AU56&"",Legislations[الإدارة],$AV56&"") | BQ56: =COUNTIFS(Legislations[Late KPI],"متأخر",Legislations[القطاع],$AU56&"",Legislations[الإدارة],$AV56&"") | BR56: {=SUMPRODUCT(IFERROR(--Projects[الموازنة المعتمدة الجديدة],0),--(Projects[القطاع]=$AU56),--(Projects[[الإدارة ]]=$AV56))} | BS56: {=SUMPRODUCT(IFERROR(--Projects[المنفق الفعلي],0),--(Projects[القطاع]=$AU56),--(Projects[[الإدارة ]]=$AV56))} | BT56: {=SUMPRODUCT(IFERROR(--Projects[المخصص],0),--(Projects[القطاع]=$AU56),--(Projects[[الإدارة ]]=$AV56))} | BU56: {=SUMPRODUCT(IFERROR(--Projects[غير المخصص],0),--(Projects[القطاع]=$AU56),--(Projects[[الإدارة ]]=$AV56))} | BV56: =COUNTIFS(Special[اسم المشروع],"<>",Special[مشاريع سموه],"نعم",Special[القطاع],$AU56,Special[[الإدارة ]],$AV56&"") | BW56: =COUNTIFS(Special[اسم المشروع],"<>",Special[مشاريع سموه],"لا",Special[القطاع],$AU56,Special[[الإدارة ]],$AV56&"") | BX56: =BV56-BA56-BB56 | BY56: =BW56-BC56-BD56 | BZ56: =COUNTIFS(ECSAC[[الموضوع ]],"<>",ECSAC[تصنيف الموضوع],"الأجندة السنوية",ECSAC[القطاع],$AU56,ECSAC[الإدارة],$AV56&"") | CA56: =COUNTIFS(ECSAC[[الموضوع ]],"<>",ECSAC[تصنيف الموضوع],"مستجد",ECSAC[القطاع],$AU56,ECSAC[الإدارة],$AV56&"") | CB56: =COUNTIFS(ECSAC[مستوى الإنجاز],"قيد التطوير",ECSAC[القطاع],$AU56,ECSAC[الإدارة],$AV56&"")+COUNTIFS(ECSAC[مستوى الإنجاز],"قيد المراجعة",ECSAC[القطاع],$AU56,ECSAC[الإدارة],$AV56&"") | CC56: =COUNTIFS(ECSAC[مستوى الإنجاز],"جاهز للعرض",ECSAC[القطاع],$AU56,ECSAC[الإدارة],$AV56&"") | CD56: {=_xlfn.LET( _xlpm.topic,IFERROR(Resolutions[الموضوع],""), _xlpm.followup,TRIM(SUBSTITUTE(IFERROR(Resolutions[متطلبات المتابعة],""),CHAR(160)," ")), _xlpm.itemStatus,TRIM(SUBSTITUTE(IFERROR(Resolutions[مستوى الإنجاز],""),CHAR(160)," ")), _xlpm.sector,TRIM(SUBSTITUTE(IFERROR(Resolutions[القطاع],""),CHAR(160)," ")), _xlpm.dept,TRIM(SUBSTITUTE(IFERROR(Resolutions[الإدارة],""),CHAR(160)," ")), SUMPRODUCT( --(_xlpm.topic<>""), --(((_xlpm.followup="رسالة رسمية")+(_xlpm.followup="بريد من الوحدة التنظيمية"))>0), --(((_xlpm.itemStatus="قيد التطوير")+(_xlpm.itemStatus="قيد المراجعة"))>0), --(_xlpm.sector=TRIM(SUBSTITUTE($AU56,CHAR(160)," "))), --(_xlpm.dept=TRIM(SUBSTITUTE($AV56,CHAR(160)," "))) ) )} | CE56: =COUNTIFS(Projects[مستوى الإنجاز],"Active",Projects[القطاع],$AU56,Projects[[الإدارة ]],$AV56&"") | CF56: =COUNTIFS(Projects[مستوى الإنجاز],"Cancelled",Projects[القطاع],$AU56,Projects[[الإدارة ]],$AV56&"")+COUNTIFS(Projects[مستوى الإنجاز],"Frozen",Projects[القطاع],$AU56,Projects[[الإدارة ]],$AV56&"") | CG56: =COUNTIFS(Projects[الربع],"Q1",Projects[القطاع],$AU56,Projects[[الإدارة ]],$AV56&"") | CH56: =COUNTIFS(Projects[الربع],"Q2",Projects[القطاع],$AU56,Projects[[الإدارة ]],$AV56&"") | CI56: =COUNTIFS(Projects[الربع],"Q3",Projects[القطاع],$AU56,Projects[[الإدارة ]],$AV56&"") | CJ56: =COUNTIFS(Projects[الربع],"Q4",Projects[القطاع],$AU56,Projects[[الإدارة ]],$AV56&"")
AU57: الحوكمة | AW57: الشهر الحالي | AX57: {=_xlfn.LET( _xlpm.results,Strategy[[نتيجة العام ]], SUMPRODUCT( --(Strategy[المؤشر]<>"")* --ISNUMBER(_xlpm.results)* --(_xlpm.results<>0)* --(Strategy[القطاع]=($AU57&""))* --(Strategy[الإدارة]=($AV57&"")) ) )} | AY57: =IFERROR( AVERAGEIFS( Strategy[[نتيجة العام ]], Strategy[المؤشر],"<>", Strategy[[نتيجة العام ]],"<>0", Strategy[القطاع],$AU57&"", Strategy[الإدارة],$AV57&"" ), "" ) | AZ57: =COUNTIFS(Special[اسم المشروع],"<>",Special[القطاع],$AU57&"",Special[[الإدارة ]],$AV57&"") | BA57: =COUNTIFS(Special[مستوى الإنجاز],"منجز",Special[مشاريع سموه],"نعم",Special[القطاع],$AU57&"",Special[[الإدارة ]],$AV57&"") | BB57: =COUNTIFS(Special[مستوى الإنجاز],"متأخر",Special[مشاريع سموه],"نعم",Special[القطاع],$AU57&"",Special[[الإدارة ]],$AV57&"") | BC57: =COUNTIFS(Special[مستوى الإنجاز],"منجز",Special[مشاريع سموه],"لا",Special[القطاع],$AU57&"",Special[[الإدارة ]],$AV57&"") | BD57: =COUNTIFS(Special[مستوى الإنجاز],"متأخر",Special[مشاريع سموه],"لا",Special[القطاع],$AU57&"",Special[[الإدارة ]],$AV57&"") | BE57: =COUNTIFS(ECSAC[[الموضوع ]],"<>",ECSAC[القطاع],$AU57&"",ECSAC[الإدارة],$AV57&"") | BF57: =COUNTIFS(ECSAC[مستوى الإنجاز],"منجز",ECSAC[القطاع],$AU57&"",ECSAC[الإدارة],$AV57&"") | BG57: =COUNTIFS(ECSAC[مستوى الإنجاز],"متأخر",ECSAC[القطاع],$AU57&"",ECSAC[الإدارة],$AV57&"") | BH57: {=_xlfn.LET( _xlpm.topic,IFERROR(Resolutions[الموضوع],""), _xlpm.followup,TRIM(SUBSTITUTE(IFERROR(Resolutions[متطلبات المتابعة],""),CHAR(160)," ")), _xlpm.sector,TRIM(SUBSTITUTE(IFERROR(Resolutions[القطاع],""),CHAR(160)," ")), _xlpm.dept,TRIM(SUBSTITUTE(IFERROR(Resolutions[الإدارة],""),CHAR(160)," ")), SUMPRODUCT( --(_xlpm.topic<>""), --(((_xlpm.followup="رسالة رسمية")+(_xlpm.followup="بريد من الوحدة التنظيمية"))>0), --(_xlpm.sector=TRIM(SUBSTITUTE($AU57,CHAR(160)," "))), --(_xlpm.dept=TRIM(SUBSTITUTE($AV57,CHAR(160)," "))) ) )} | BI57: {=_xlfn.LET( _xlpm.topic,IFERROR(Resolutions[الموضوع],""), _xlpm.followup,TRIM(SUBSTITUTE(IFERROR(Resolutions[متطلبات المتابعة],""),CHAR(160)," ")), _xlpm.itemStatus,TRIM(SUBSTITUTE(IFERROR(Resolutions[مستوى الإنجاز],""),CHAR(160)," ")), _xlpm.sector,TRIM(SUBSTITUTE(IFERROR(Resolutions[القطاع],""),CHAR(160)," ")), _xlpm.dept,TRIM(SUBSTITUTE(IFERROR(Resolutions[الإدارة],""),CHAR(160)," ")), SUMPRODUCT( --(_xlpm.topic<>""), --(((_xlpm.followup="رسالة رسمية")+(_xlpm.followup="بريد من الوحدة التنظيمية"))>0), --(_xlpm.itemStatus="منجز"), --(_xlpm.sector=TRIM(SUBSTITUTE($AU57,CHAR(160)," "))), --(_xlpm.dept=TRIM(SUBSTITUTE($AV57,CHAR(160)," "))) ) )} | BJ57: {=_xlfn.LET( _xlpm.topic,IFERROR(Resolutions[الموضوع],""), _xlpm.followup,TRIM(SUBSTITUTE(IFERROR(Resolutions[متطلبات المتابعة],""),CHAR(160)," ")), _xlpm.itemStatus,TRIM(SUBSTITUTE(IFERROR(Resolutions[مستوى الإنجاز],""),CHAR(160)," ")), _xlpm.sector,TRIM(SUBSTITUTE(IFERROR(Resolutions[القطاع],""),CHAR(160)," ")), _xlpm.dept,TRIM(SUBSTITUTE(IFERROR(Resolutions[الإدارة],""),CHAR(160)," ")), SUMPRODUCT( --(_xlpm.topic<>""), --(((_xlpm.followup="رسالة رسمية")+(_xlpm.followup="بريد من الوحدة التنظيمية"))>0), --(_xlpm.itemStatus="متأخر"), --(_xlpm.sector=TRIM(SUBSTITUTE($AU57,CHAR(160)," "))), --(_xlpm.dept=TRIM(SUBSTITUTE($AV57,CHAR(160)," "))) ) )} | BK57: =COUNTIFS(Projects[اسم المشروع],"<>",Projects[القطاع],$AU57&"",Projects[[الإدارة ]],$AV57&"") | BL57: =COUNTIFS(Projects[مستوى الإنجاز],"Completed",Projects[القطاع],$AU57&"",Projects[[الإدارة ]],$AV57&"") | BM57: =COUNTIFS(Projects[Late KPI],"Late",Projects[القطاع],$AU57&"",Projects[[الإدارة ]],$AV57&"") | BN57: =COUNTIFS(Legislations[[عنوان التشريع ]],"<>",Legislations[القطاع],$AU57&"",Legislations[الإدارة],$AV57&"") | BO57: =COUNTIFS(Legislations[مؤشرات الأداء],"في الموعد",Legislations[تجاوز الموعد],"<>متأخر",Legislations[القطاع],$AU57&"",Legislations[الإدارة],$AV57&"") | BP57: =COUNTIFS(Legislations[مؤشرات الأداء],"في الموعد",Legislations[تجاوز الموعد],"متأخر",Legislations[القطاع],$AU57&"",Legislations[الإدارة],$AV57&"") | BQ57: =COUNTIFS(Legislations[Late KPI],"متأخر",Legislations[القطاع],$AU57&"",Legislations[الإدارة],$AV57&"") | BR57: {=SUMPRODUCT(IFERROR(--Projects[الموازنة المعتمدة الجديدة],0),--(Projects[القطاع]=$AU57),--(Projects[[الإدارة ]]=$AV57))} | BS57: {=SUMPRODUCT(IFERROR(--Projects[المنفق الفعلي],0),--(Projects[القطاع]=$AU57),--(Projects[[الإدارة ]]=$AV57))} | BT57: {=SUMPRODUCT(IFERROR(--Projects[المخصص],0),--(Projects[القطاع]=$AU57),--(Projects[[الإدارة ]]=$AV57))} | BU57: {=SUMPRODUCT(IFERROR(--Projects[غير المخصص],0),--(Projects[القطاع]=$AU57),--(Projects[[الإدارة ]]=$AV57))} | BV57: =COUNTIFS(Special[اسم المشروع],"<>",Special[مشاريع سموه],"نعم",Special[القطاع],$AU57,Special[[الإدارة ]],$AV57&"") | BW57: =COUNTIFS(Special[اسم المشروع],"<>",Special[مشاريع سموه],"لا",Special[القطاع],$AU57,Special[[الإدارة ]],$AV57&"") | BX57: =BV57-BA57-BB57 | BY57: =BW57-BC57-BD57 | BZ57: =COUNTIFS(ECSAC[[الموضوع ]],"<>",ECSAC[تصنيف الموضوع],"الأجندة السنوية",ECSAC[القطاع],$AU57,ECSAC[الإدارة],$AV57&"") | CA57: =COUNTIFS(ECSAC[[الموضوع ]],"<>",ECSAC[تصنيف الموضوع],"مستجد",ECSAC[القطاع],$AU57,ECSAC[الإدارة],$AV57&"") | CB57: =COUNTIFS(ECSAC[مستوى الإنجاز],"قيد التطوير",ECSAC[القطاع],$AU57,ECSAC[الإدارة],$AV57&"")+COUNTIFS(ECSAC[مستوى الإنجاز],"قيد المراجعة",ECSAC[القطاع],$AU57,ECSAC[الإدارة],$AV57&"") | CC57: =COUNTIFS(ECSAC[مستوى الإنجاز],"جاهز للعرض",ECSAC[القطاع],$AU57,ECSAC[الإدارة],$AV57&"") | CD57: {=_xlfn.LET( _xlpm.topic,IFERROR(Resolutions[الموضوع],""), _xlpm.followup,TRIM(SUBSTITUTE(IFERROR(Resolutions[متطلبات المتابعة],""),CHAR(160)," ")), _xlpm.itemStatus,TRIM(SUBSTITUTE(IFERROR(Resolutions[مستوى الإنجاز],""),CHAR(160)," ")), _xlpm.sector,TRIM(SUBSTITUTE(IFERROR(Resolutions[القطاع],""),CHAR(160)," ")), _xlpm.dept,TRIM(SUBSTITUTE(IFERROR(Resolutions[الإدارة],""),CHAR(160)," ")), SUMPRODUCT( --(_xlpm.topic<>""), --(((_xlpm.followup="رسالة رسمية")+(_xlpm.followup="بريد من الوحدة التنظيمية"))>0), --(((_xlpm.itemStatus="قيد التطوير")+(_xlpm.itemStatus="قيد المراجعة"))>0), --(_xlpm.sector=TRIM(SUBSTITUTE($AU57,CHAR(160)," "))), --(_xlpm.dept=TRIM(SUBSTITUTE($AV57,CHAR(160)," "))) ) )} | CE57: =COUNTIFS(Projects[مستوى الإنجاز],"Active",Projects[القطاع],$AU57,Projects[[الإدارة ]],$AV57&"") | CF57: =COUNTIFS(Projects[مستوى الإنجاز],"Cancelled",Projects[القطاع],$AU57,Projects[[الإدارة ]],$AV57&"")+COUNTIFS(Projects[مستوى الإنجاز],"Frozen",Projects[القطاع],$AU57,Projects[[الإدارة ]],$AV57&"") | CG57: =COUNTIFS(Projects[الربع],"Q1",Projects[القطاع],$AU57,Projects[[الإدارة ]],$AV57&"") | CH57: =COUNTIFS(Projects[الربع],"Q2",Projects[القطاع],$AU57,Projects[[الإدارة ]],$AV57&"") | CI57: =COUNTIFS(Projects[الربع],"Q3",Projects[القطاع],$AU57,Projects[[الإدارة ]],$AV57&"") | CJ57: =COUNTIFS(Projects[الربع],"Q4",Projects[القطاع],$AU57,Projects[[الإدارة ]],$AV57&"")
